( Magnum Cheat Will Remove Slot1 Item)
((Activate Cheats Only On Character Screen))
(99)  Skill Points / Level (On Spend)
(99) Skill Points / Level (On Spend)
(9999) Resources (On Use)
(Aladdin) - (The Jungle Book)
(Atreus) Infinite Health/Arrows/Rage (Disable Health Kratos)
(Chris) Onslaught Gauge No Cooldown
(DLC Annihilation) Infinite Neuropolymer/Resources On Use
(DLC Limbo) - Infinite Health/Dash/Abilities (MASTERCODE/MUST BE ON)
(DLC Limbo) - Infinite Health/Polymeric Ability/Dash (MASTERCODE/MUST BE ON)
(Dante) 1 Hit Kill (Enable MC)
(Dante) Infinite Health (Enable MC)
(Dante) Infinite Health/1 Hit Kill (Master Code)
(Dante) Infinite Royal Release
(Dante) Infinite Royal Revenge
(Dante) Instant Fill Royal Guard
(Dante) Max/Infinite Devil Triger
(Dimitrescu) Blood Sacrifice (L1+R2) No Cooldown
(Dimitrescu) Entomphobia (R2) No Cooldown
(Dimitrescu) Ornate Vanity Attack (Square) No Cooldown
(Dimitrescu) Thrill Gauge No Cooldown
(Dlc Limbo) Max/Infinite Apples/Gold Coins
(Dlc Limbo/Goose Run) Add Lives To The Goose When Picking Up Apples
(Ethan) 1 Hit Kill
(Ethan) Max/Infinite Health
(Karl) Sawblade No Cooldown
(Karl) Scrap No Cooldown
(Karl) Soldat Jet No Cooldown
(Kratos)Infinite Health/Rage (Disable Health Atreus)
(Nero) 1 Hit Kill (Enable MC)
(Nero) Devil Breakers Equipment x999 (Buy In Shop)
(Nero) Infinite Bullets
(Nero) Infinite Devil Breakers
(Nero) Infinite Exceed
(Nero) Infinite Health (Enable MC)
(Nero) Infinite Health/1 Hit Kill (Master Code)
(Nero) Instant Fill Exceed
(Rose) 1 Hit Kill (Enable MC)
(Rose) Infinite Health (Enable MC)
(Rose) Infinite Health/1 Hit Kill (Master Code/Must Be On)
(V) 1 Hit Kill (Enable MC)
(V) Infinite Health (Enable MC)
(V) Infinite Health/1 Hit Kill (Master Code)
(Virgil) 1 Hit Kill (Enable MC)
(Virgil) Infinite Health (Enable MC)
(Virgil) Infinite Health/1 Hit Kill (Master Code)
(Virgil) Max/Infinite Devil Triger
(Virgil) Max/Infinite Virgils Concentration
***Fast Forward Timer***
-- Player Speed x1
-- Player Speed x2
-- Player Speed x3
-- Player Speed x4
---12am
---12pm
---6am
---6pm
---God Mode  (Req. MS)
---God Mode Toggle (Requires MC)
---Ignore Conjuration Requirements (requires MC)
---Infinite AP-Stamina (Req. MS)
---Infinite Health (Req. MS)
---Infinite Health (Requires Master Code)
---Infinite Health (requires MC)
---Infinite Horse Health (Requires Master Code)
---Infinite Horse 生命（需输入“Master”密码）
---No Radiation (Req. MS)
---One Hit Kill (Req. MS)
---One Hit Kill (Requires Master Code)
---One Hit Kill (requires MC)
---Player Speed x2
---Player Speed x3
---Player Speed x4
---Unlock All Fast Travel Locations (requires MC)
---XP Multiplier x10
---XP Multiplier x10 (requires MC)
---XP Multiplier x100
---XP Multiplier x25 (requires MC)
---XP Multiplier x5
---XP Multiplier x5 (requires MC)
---XP Multiplier x50
---XP Multiplier x999
---[ME-1] Enemy No Shield (Requires Master Code)
---[ME-1] One Hit Kill (Requires Master Code)
---[ME-1] Squad Infinite Health (Requires Master Code)
---[ME-1] Squad Infinite Shield (Requires Master Code)
---[ME-2] Enemy No Shield (Requires Master Code)
---[ME-2] Infinite Health (Requires Master Code)
---[ME-2] Infinite Shield (Requires Master Code)
---[ME-2] One Hit Kill (Requires Master Code)
---[ME-2] 敌方 No 盾牌（需输入 Master 密码）
---[ME-3] Infinite Grenades (Requires Master Code)
---[ME-3] Infinite Medkits (Requires Master Code)
---[ME-3] Max Credits (Requires Master Code)
---[ME-3] No Recoil (Requires Master Code)
---[ME-3] No Shake (Requires Master Code)
---[ME-3] Rapid Fire (Requires Master Code)
---[ME-3] Super Accuracy (Requires Master Code)
---[ME-3] Super Damage (Requires Master Code)
---x0 Speed - Freeze Enemies (Requires Master Code)
---x0.1 Horse Speed (Requires Master Code)
---x0.1 Player Speed (Requires Master Code)
---x0.1 Speed Multiplier
---x0.5 Enemy Speed (Requires Master Code)
---x0.5 Horse Speed (Requires Master Code)
---x0.5 Player Speed (Requires Master Code)
---x0.5 Speed
---x0.5 Speed Multiplier
---x1.5 Speed Multiplier
---x10 Jump Multiplier
---x10 Super Jump Distance (Requires Master Code)
---x10 Super Jump Height (Requires Master Code)
---x2 Enemy Speed (Requires Master Code)
---x2 Horse Speed (Requires Master Code)
---x2 Player Speed (Requires Master Code)
---x2 Speed
---x2 Speed Multiplier
---x2 Super Jump Distance (Requires Master Code)
---x2 Super Jump Height (Requires Master Code)
---x2.5 Jump Multiplier
---x2.5 Speed Multiplier
---x20 Jump Multiplier
---x20 Super Jump Distance (Requires Master Code)
---x20 Super Jump Height (Requires Master Code)
---x3 Horse Speed (Requires Master Code)
---x3 Player Speed (Requires Master Code)
---x3 Speed
---x3 Speed Multiplier
---x4 Speed
---x5 Jump Multiplier
---x5 Super Jump Distance (Requires Master Code)
---x5 Super Jump Height (Requires Master Code)
--100x damage (one hit kill)
--10x XP
--10x damage
--20x damage
--2x Speed
--2x XP
--30x damage
--3x Speed
--3x XP
--40x damage
--4x Speed
--4x XP
--50x damage
--5x Speed
--5x XP
--5x damage
--Aloy Speed x1
--Aloy Speed x2
--Aloy Speed x3
--Aloy Walking Speed x1
--Aloy Walking Speed x2
--Aloy Walking Speed x3
--Arcane 99
--Auto_Win
--Cam Zoom x0.6
--Cam Zoom x1
--Cam Zoom x1.4
--Camera Zoom x0
--Camera Zoom x0.6
--Camera Zoom x1
--Camera Zoom x1.4
--Camera Zoom x2
--Damage x10
--Damage x100
--Damage x20
--Damage x5
--Damage x50
--Daytime Hour: 0
--Daytime Hour: 12
--Daytime Hour: 18
--Daytime Hour: 6
--Dexterity 99
--Disable_Stealth
--Easy Kill  (req MC)
--Easy_Kill
--Enable_Stealth
--Endurance 99
--Enemy Speed x0
--Enemy Speed x0.2
--Enemy Speed x0.5
--Enemy Speed x1
--Enemy Speed x2
--Enemy_Infinite_HP
--Faith 99
--FreezeEnemy
--Game Speed x1
--Game Speed x2
--Game Speed x3
--Horse Speed x1
--Horse Speed x2
--Horse Speed x3
--Hour: 0
--Hour: 12
--Hour: 18
--Hour: 6
--Hour:12
--Hour:12 2
--Hour:12 2 2
--Hour:12 2 2 2
--Infinite Adrenaline (req MC)
--Infinite Health (Req. MS)
--Infinite Health (req MC)
--Infinite Horse Run  (req MC)
--Infinite Oxygen  (req MC)
--Infinite RAM (Req. MS)
--Infinite Stamina  (req MC)
--Infinite Stamina (Req. MS)
--Infinite_Adrenaline
--Infinite_HP
--Infinite_Health
--Infinite_Horse_HP
--Infinite_Horse_Run
--Infinite_Oxygen
--Inifinite_Stamina
--Instant Hack Upload (Req. MS)
--Intelligence 99
--Jump Distance x1
--Jump Distance x10
--Jump Distance x2
--Jump Distance x5
--Jump Height x1
--Jump Height x10
--Jump Height x2
--Jump Height x5
--Jump x2
--Jump x3
--Jump x4
--Jump x5
--Level 10
--Level 20
--Level 30
--Level 40
--Level 50
--Level 99
--Max FP
--Max HP
--Max Stamina
--Min_Horse_Panic
--Mind 99
--Minimum Horse Panic (req MC)
--Multiplier x1,000
--Multiplier x1,000,000
--Multiplier x10
--Multiplier x10,000
--Multiplier x10,000,000
--Multiplier x100
--Multiplier x100,000
--Multiplier x2
--Multiplier x4
--Multiplier x6
--Multiplier x8
--No Skill Cooldown
--No Toxicity (req MC)
--No_Toxicity
--One Hit Destroys Vehicles (Req. MS)
--One Hit Kill
--One Hit Kills Enemy (Req. MS)
--One_Hit_Kill
--Others Speed x0.2
--Others Speed x0.5
--Others Speed x1
--Others Speed x2
--Others Speed x3
--Player Speed x1
--Player Speed x2
--Player Speed x3
--Player Speed x4
--Player Speed x5
--Player_Infinite_HP
--Runes 99999999
--Skills XP 10,000
--Skills XP 20,000
--Skills XP 30,000
--Skills XP 40,000
--Skills XP 50,000
--Skills XP 60,000
--Speed x2 (Movements)
--Speed x3 (Movements)
--Speed x4 (Movements)
--Street Credits 10
--Street Credits 20
--Street Credits 30
--Street Credits 40
--Street Credits 50
--Strength 99
--Toggle_Mount_Invincible
--Toggle_Stealth_Mode
--Vanish All Enemies
--Vigor 99
--Walking Speed x1
--Walking Speed x2
--Walking Speed x3
--Walking Speed x4
--XP Multiplier x10
--XP Multiplier x100
--XP Multiplier x20
--XP Multiplier x5
--XP Multiplier x50
--XP x1
--XP x10
--XP x100
--XP x20
--XP x5
--XP x50
--XP_Multiplier x1
--XP_Multiplier x10
--XP_Multiplier x20
--XP_Multiplier x5
--XP_Multiplier x50
--XP_Multiplier x999
--x0.1 Speed
--x0.5 Speed
--x1.5 Speed
--x10 Multiplier
--x15 Multiplier
--x2 Speed
--x2 Walking Speed
--x2.5 Speed
--x20 Multiplier
--x3 Multiplier
--x3 Speed
--x3 Walking Speed
--x30 Multiplier
--x4 Walking Speed
--x40 Multiplier
--x5 Multiplier
-{Tomb Raider III}-
-{Tomb Raider II}-
-{Tomb Raider I}-
.hack//G.U. Last Recode
0 Death
0 Enemy KI (Showing Bar/Lock-On)
0 Quidditch Trial Timer
0 Weigh(when Overload,Drop Item)
0 Weight
0-GO to  t.ly/Q9ogg  for the full tutorial on how to use
0.1 Weight Carrying
0D
1 Bilion (On Spend)
1 Billion Credits
1 Billion Souls
1 HIT KILL
1 Hit = 100 Chain| Unlocks Unending Impulse
1 Hit = 200 Chain| Unlocks Wild Impulse
1 Hit = 50 Chain  | Unlocks Impulse Trophy
1 Hit Attack And 3x Throw &quot;After Level Up&quot;
1 Hit KILL
1 Hit Kil
1 Hit Kill
1 Hit Kill (-Bosses)
1 Hit Kill (Activate After Killing The First Zombie)
1 Hit Kill (Disable Inf Skillpoints)
1 Hit Kill (Don't Use Against Bosses)
1 Hit Kill (Enable MC
1 Hit Kill (Enable MC)
1 Hit Kill (Enable Master Code)
1 Hit Kill (Enable Master Code))
1 Hit Kill (MC)
1 Hit Kill (MC) /  Deactivate In Training
1 Hit Kill (Need MC)
1 Hit Kill (Rebelion Mode)
1 Hit Kill (Small enemies only)
1 Hit Kill (Turn off in Boss Battle)
1 Hit Kill (except some Bosses -necessary-)
1 Hit Kill * Basic Damage/Def = 10K
1 Hit Kill + Godmode
1 Hit Kill + Godmode (Normal Combat Only)
1 Hit Kill - 一击秒杀
1 Hit Kill -Bosses
1 Hit Kill Bosses (MC)
1 Hit Kill Need MC)
1 Hit Kill-(MC)
1 Hit Kill/Enemy 0 Stamina/Food/Water
1 Hit Kills
1 Hit Stum
1 Hit Stun
1 Hit Stun (No Effect If 1HK On)
1 Hit kill
1 Lap Guide RUn (Nurburgring North Course)
1 Lap Guide Run (El Capitan)
1 Lap Guide Run (Fuji Speedway 2005)
1 Lap Time Trial (Chamonix)
1 Lap Time Trial (Circuit De La Sarthe)
1 Lap Time Trial (Citta Di Aria)
1 Lap Time Trial (Costa Di Amalfi)
1 Lap Time Trial (El Capitan)
1 Lap Time Trial (Grand Canyon)
1 Lap Time Trial (Ice Arena)
1 Lap Time Trial (Infineon Raceway Sprots Car Course)
1 Lap Time Trial (Nurburgring North Course)
1 Lap Time Trial (Opera Paris)
1 Lap Time Trial (Seattle)
1 Lap Time Trial (Special Stage Route 5)
1 Lap Time Trial (Suzuka Circuit)
1 Lap Time Trial (Tokyo Route 246)
1 Lap Time Trial (Trial Mountain)
1 Lap Time Trial (Twin Ring Motegi Road Course)
1 Series Trophy Codes
1 Shot Kills (Enable MC)
1 Shot Kills (Need MC)
1 hit Max Aura
1-ENABLE ALL A/C OPIONS (recommended) OR
1-Hit Kills
1.25x Game Clock And Shot Clock
1.375x Clock Speed
1/2 Hit Kill (Lock-On for 1 Hit)
10 Action bar use
10 Trillion - Sim Mode
10-INF torch fire N C
100 Million Credits
100 items (on pick up have 1)
100% Drop Rate
100% Drop Rate Press L3+R3
100% Mission Bonus Red Orbs
100%% Loot Drop-Rate
1000 Miles! Codes
10000 XP On Get
100x Scoria
10x Scoria
10x damage
11-Fire Temp always Max W B
12-FIRE pit immune to wind N C
12345 铲子在Gain上
13-water never decreases N C
14-Charcoal never decreases N C
15-Firewood never decreases N C
16-Spray paint never decreases N C
17-Medications never decreases N C
18-Oil/Antiseptic never decreases  N C
19-Lantern Oil never decreases N A OR
19-灯笼 油量永不减少 N A OR
1E
1HK
1HK / Boss Easy Kill
1HitKill
2 Hit Kill
2 Hit Kills
2 Hits kill (can die from walking into Fire)
2 hit kill
2-ENABLE ALL B/C OPIONS (too easy=Boring)
20 Inventory Slot
20 Inventory Slots
20-Lantern Oil always full on ignition W B
206 Cup Codes
20k XP each Kill
20x damage
21 Skillpoints / Kill
21 Skillpoints Per Kill
21-INF Climbing N C
22-NO Reload N B
23-INF Aim Time N C
24-Ammo never decreases N C
25-Arrows never decrease N C
255 Items on 2nd Get
255 Skillpoints on Use
256 Skill Points (After one use)
25x Money Multiplier
25x Money Multiplier (on get)
25x Scoria
25x Skill Points Multiplier
25x Skill/Legend Points Multiplier
26-Rocks never decreases N C
26-Rocks 的 N C 值从未降低
27-cat tail never decreases N A
28-ALL FOODs/DRINKs never decreases N B
29-99 items on get W B
2HP 2CV Classics Codes
2HP 2CV 经典车型代码
2X Experience Points
2x Adam After Spend
2x Exp After Use
2x Money After Spend
2x Skill Points After Use
2x armor pick up
3 Demon Keys
3 Keycards
3 Skull Keys
3-INF Health W B
30-NO More Thirst N B
30x damage
31-NO More Hunger N B
32-Never get tired or sleepy N B
33-NO More Frostbites W B
34-NO More wet clothes R B
35-NO More frozen clothes R B
36-NO More Hypothermia RISK N B
37-NO More Cold/Hypothermia Risk W B
38-Duplicate any Item !!! (read guide on how to use) N
39-Droped items do not decreases (require 2 or more) N A
4-INF Weight W C
40-Make the selected item in inventory X16 (require 1 item or more)W
40x damage
41-INF well fed effect (from eating anything) N C
42-INF Warm effect (from HOT FOODs/DRINKs) N
43-INF Improved rest effect (from HERBAL TEA) N
44-INF Restore condition effect (from BIRCH BARK TEA) N
45-INF Fatigue reduced effect  ( from CUPS OF CUFFEE )  N C
45-无限 减少疲劳 效果  （出自《CUPS OF CUFFEE》）  N C
46-FOODs/Drinks stay hot (after cooking or heating) N C OR
47-FOODs/Drinks always hot (no need for heating cans or drinks) W B
48-Rest/Sleep Start at 24 HRs (use with caution cz hunger will kill you) (read guide on how to use) N
49-Rest/Sleep Start at 48 HRs (use with caution cz hunger will kill you) (read guide on how to use)  N
4WD Challenge Codes
4WD挑战代码
5 Mil Money (on gain or spend)
5 Mil Reputation (on gain or spend)
5 Step Ticks Daytime (x3 multiplier)
5-INF Stamina N C
50% Brightness
50,000 Shooting Range Points
50-Rest/Sleep Start at 7 Days (use with caution cz hunger will kill you) (read guide on how to use)  N
500.000 Clan Points| To unlock Record Breaker Trophy
5000 Moedas
50x damage
51-Rest/Sleep Start at 100 Days (use with caution cz hunger will kill you/Max sleep time is 7 days) (read guide on how to use)  N
5x damage
6 F
6-Durablity never decreases N A OR
60 FPS
666 Keys + 6 Empyrean Keys
7-Durablity is always MAX  W R B
70 Perk Points On Game Start (OTU)
720p Resolution
7C
8-INF Crafting  N C
80 items (on pickup and Craft)
8C
9,999,999 个《Fats on Gain》
9-INF Fire time N C
9-Infinite 火 time N C简体中文（大陆）
90 Items (On pick up)
90 Items (on sell)
90 TP (on spend )
900000 Ceramic
900000 Chemicals
900000 Metal
900000 Resins
9876 pc. Inventory and Quickhack Components
9876 件 背包和 Quickhack 组件
99 Ability Points on Get
99 Attribute Points (after using 1 point)
99 Basic Items get / spend / transfer
99 Combat Ability Points (after using 1 point)
99 Discard items
99 Dragon Cure Potions (On use)
99 Flower (on planting)
99 Inventory items
99 Items (on get)
99 Items (on use)
99 Items (on use/get have 2 at least)
99 Items get / drop / transfer (wep/utility/etc)
99 Keys ~After Gain~
99 Sell items
99 Skill Points
99 Talent Points
99 Talents Ability Points (after using 1 point)
99 Water (while watering)
99 Water ~After Gain~
99 civil Ability Points (after using 1 point)
99 items (on use/Split/sell)
99 skill points (on spent)
99 x Combo
9900 pc. Inventory Items Quantity
999 Attribute Points (on use)
999 Items (when spent/gained turn off if game paused)
999 Materials when gaining
999 Perk Points (on use)
999 Samurai Skill points
999 Skill points (on spend)
999 Vidas
999 abilities points on use
999 items (on use/get)
999 items in bag (On use/discard)
999.999 PTAS on Pick
999.999 PTAS 选中
9999 Ability Link ~Use 1 Point~
9999 Monsters Killed
9999 Races
9999 Weight
9999 Wins
99999 Coins (on sell will affect items when buying)
99999 LP
999999 Money _crystal _inf item use (buy or sell or pickup or upgrade)
999999 materials on use
999999 source credit on use
999999 金币 _crystal _inf 物品 使用（购买、出售、拾取或升级）
9999999 Experience
9999999 Money
99999999 Yen (On buying)
99x Combo
9B
9C
A Spec Licenses Never Required
A Spec Super License Always Required
A3 Cup Codes
ADD Cash
ADD Item
ADD Mp
AFK 外星人
AI Zero Nitrous
AI从不攻击
AI无弹药
AI难度
AK-47无限弹药
AMIGER Ardyn DLC 无限版
ARBUTUS.elf
ATB槽
ATB永远满
ATB瞬间充满
ATM-4（无限）
AWP狙击枪
Ability Instant recharge
Absolum
Action Score point 99999999
Action 比分 99999999
Activate Angel Equipment
Activate Board Equipment
Activate Devil Equipment
Activate Gravity Jump [ MC ]
Activate Hand Lamp  [ MC ]
Activate Heavy Lamp  [ MC ]
Activate Invincible Mode [ MC ]
Activate Nightmare Lamp  [ MC ]
Activate Standard Lamp  [ MC ]
Activity Tokens, Tech Part, Gadget Unlimited
Add 0 Time for Orange Hourglasses
Add 200.000.000 Resources after restart game
Add 2000 XP
Add GIL When Buying
Add Item
Add Item When Buying
Add Items &amp; Money
Add Items &amp; Money (Drop)
Add Troops (Go to Party and transfer a Troop)
Add red-orb when counsum
Add x99 Items
Adventure Mission Points (Max Score)
Affinity
Affinity Buffs
Afternoon
Afterschool (MC daytime)
Aim Cross Stays Small
Aim 传中 保持小范围
Alchemy Quick Level Up
Alcohol: Drunk
Alcohol: Level 1
Alcohol: Level 2
Alcohol: Level 3
Alcohol: Level 4
Alcohol: Level 5
Alcohol: Level 6
Alcohol: Sober
Alfa Romeo Race Events Codes
Alfheim 0 Damage Taken
Alfheim Always Full HP
Alignment: Evil
Alignment: Good
Alignment: Neutral
All Accessories
All American Championship Codes
All Armours
All Cars Permitted
All Cars Purchaseable
All Client Godmode
All Client Infinite Ammo
All Consumable and Exchange Items
All Emeralds Sonic 1 + 2
All Emeralds Sonic 3
All Existing Inventory Items - 99pcs
All Flick Rush Tournaments Completed~Finish Or Lose~
All Gears
All Height
All IA Licenses
All Infinity Health (for training)
All Items In Chest
All Items In Chest + (Inf Ammo)
All Items To The Max
All Items Weapon Armor Accessories
All Items in Chest
All Items x99
All Japan GT Championship Codes
All Key and Information Items
All Resistances Effects
All Resources 9999 + Freeze
All S Licenses
All Silver Medals
All Skills Instant Cooldown
All Skull Emblems Hit in Shooting Range
All Stats 255
All Status Buffs
All Time Stones Sonic CD
All Tools Pickup Level 5
All Weapons
All Weapons (Regina)
All Weapons/Items In The Chest (Tranfer The Knife)
All items
All treasure and key items
All-Items
All-Weapons-Press-Down
AllNoStaminaConsume（需要加载中）
Alot of Chiral Crystals (on collect)
Alot of Experience (on spend)
Alpine Race Events Codes
Altezza Race Codes
Altezza 车型代码
Alway S rank (Shooting Range)
Always 1 Down In-Game
Always 1st Save (MC)
Always 1st in Race
Always 99 Titan Kills
Always Action 一直可以行动
Always Good Tires
Always Have Limit break ~In Battle~
Always Have Super Attack
Always Max Battery
Always Max Magic
Always Move Faster (Rune of the Four Winds)
Always Open Code-Locks
Always Open 密码-锁
Always Simulation Day 1
Always Simulation Day 9999
Always Sprint
Always Start with Heart
Always Wanted
American Events Codes
American Showroom Codes
Ammo
Ammo (MC)
Ammo / Stamina / Energy / Consumable (MC)
Ammo No Reload / Throwables
Ammo(No reload) / Grenades / Explosive (MC)
Ampede State (Switch Axe)
Apex英雄
Arcade Inf Bullets
Arcade Max Score
Arma Base Infinita
Arma Infinita
Arma Pesada Infinita
Arma Raio Eletrico Infinita
Armas Infinita
Armor Parasites
Arrows-99
Ascent Multiplier x 1 [ MC ]
Ascent Multiplier x 10 [ MC ]
Ascent Multiplier x 20 [ MC ]
Ascent Multiplier x 30 [ MC ]
Ash
Ashton Martin Race Events Codes
Assalt 霰弹枪（激活/进入/停用）
Assassin: High Damage
Asterigos：星辰的紧箍咒
Aston Martin Carnival Codes
Ataque Demolidor Infinito
Attache Case XL (Activate B4 Starting The Game)
Attache 箱子 XL（在开始游戏前激活 B4）
Attack Speed x2
Attributes points (Spend and confim and repeat for all points)
Audi Race Event Codes
Auto Acquire Loots | 自动获取敌人遗物
Auto Block Target
Auto Escape from Grab
Auto Jump
Auto Pick Enemy Drops
Auto play with Superbeat
Autohit 1200.0MPH 仰角 19.0度 方位角 5.5度
Autoplay always Enabled
Awakening always Active
Awakening always ON after 1 hit
BFG大炮
BMW Race Events Codes
BOSS伤害倍率x0.2
BOSS瞬间重新刷新
BOSS血量倍率x0.1
BackPort 9 - 505 English Mod by CyB1K
BackPort 9 - 505 英文模组，作者：CyB1K
Backport 5.05 版本 01.05
Backport 505-9 only
Backport by CyB1K 505 - 9
Bala Especial Infinita
Bala Infinita
Bandana
Barehanded Kills (1000)
Barret Instant Overcharge
Baseball Inf Cannonball
Baseball: Gold Rush: Dont loose Money
Baseball: Gold Rush: Easy Money
Baseball: Infinite Pitches
Baseball: Max Level on 2nd XP Gain
Baseball: Max Score
Baseball: No StrikeOut
Baseball: No Strikes
Baseball: S-Ranking
Battery time inf
Batting Center: Easy Max Score
Batting Center: Easy Score
Batting Center: Infinite Balls
Beetle Cup Codes
Beginner Events Codes
Better Accuracy
Big Weapon After Take and Place
Black Pool Racers Codes
Bleed Resistance
Blindcore Difficulty|Remove Info+Count for Ammo, Items, everything!
Blood Alcohol: Alcoholized
Blood Alcohol: Bit Drunk
Blood Alcohol: Drunk
Blood Alcohol: Drunk (Max)
Blood Alcohol: Less Sober
Blood Alcohol: Sober
Blood Bar Stop
Blood Never Decreases (God Mode)
Blue Spheres Left Sonic 3 ( Special Stage )
Body Armor
Bond of Flame
Boost ATK 2 Main Hand| Change Weapon
Boost ATK Main Hand| Change Weapon
Boost DEF | Change Weapon
Boost EXP
Boost EXP | x500 Per Battle
Boost EXP| 50 Per Kill
Boost EXP| x1000 Points Per Kill
Boost Lvl 3
Boost Strength| Change Accessory
Boss一击必杀
Boss容易硬直
Boss无无敌状态
Boss无霸体
Boss机制
Boss材料
Boss武器
Boss连战模式
Boss追忆
Bottomless Clip
Bottomless Clip / Infinite Grenades
Bottomless Clip/Infinite Skillpoints
Bow: Crystal Arrow always available
Bow: Dark Arrow always available
Bow: Light Arrow always available
Bow: No Cooldown
Bowling: Infinite Balls (Split-Game)
Bowling: Split-Game Infinite Balls
Boxer Spirit Codes
Brand Awareness| Boost Job Points
Breathedge
Bridge the gap Infinite Timer
British GT Series Codes
British Lightweight Series Codes
British Showroom Codes
Brutality scroll upgrade x99
Buffs affinity
Buffs attack
Buffs defence
Buffs elemental
Buffs immunity
Buffs knockback
Buffs natural healing up
Buffs stamina use reduced
Buffs status buildup
Bullets
Buy Skills W\O Skill Points
Buying Items Doesnt Decrease Credits
C 框 B
C 框 C
C 箱 A
C0
C1
C2
C3
C4炸药
C5
C8
C9
CA
CA 计数器 0 (MC)
CASH
CCCP-WG TYPE-A
CCCP-WG TYPE-C
CFA-WG TYPE-A
CFA-WG TYPE-C
CP: Infinite
CP: Max on Use
CPU 无防御 V2
CP：无限
Cabaret: Hostess Max Score
Cabaret: Infinite Time
Cabaret: Instant End
Cabaret: Max Fever Gauge
Cabaret: Max Hostess Health
Cabaret: Max Hostess Level
Cabaret: Max Hostess Stats
Callisto Credits 10x (pickup/sell)
Camaro Meeting Codes
Camera
Camouflage Parasites
Campaign: Most NMEs Don't Move
Can't Sprint
Cannon Coaching Max Score ( on gain )
Cannot Be Touched By Enemy ( OFF )
Cannot Be Touched By Enemy ( ON )
Cannot Die / God Mode
Capacetes Infinito
Capri Rally Easy Codes
Capri Rally Hard Codes
Capri Rally Normal Codes
Card LV.255
Cash Multiplier (Master Code)
Casino/Colusseum: Max Chips/Points
Casino: Big Win (10.000.000)
Casino: Max Wooden Tags
Caution : i would advise not using XP gain cheat unless you need to (creat a backup save) cz if you level up too high the game becames boring
Cbox A
Cbox B
Cbox C
Cee-Loo: Max Points on Win
Ceramic 900000 (on spend first time)
Ceramics Never Decrease
Chamonix Rally Easy Codes
Chamonix Rally Hard Codes
Chamonix Rally Normal Codes
Change Crosshair Color (B)
Change Crosshair Color (G)
Change Crosshair Color (R)
Change Difficult [ EASY ]
Change Difficult [ NORMAL ]
Change Game Timer to 0
Change Outfit (Photomode)
Change Size Regina Anywhere (Press L1 For Smaller &amp; R2 For Bigger)
Change Timer to 999
Change Weather To Sunny
Change weapon to Black Pumgun [ MC - Slot 3 ]
Change weapon to Black Pumpgun [ MC - Slot 1 ]
Change weapon to Black Pumpgun [ MC - Slot 2 ]
Change weapon to Flaregun [ MC - Slot 1 ]
Change weapon to Flaregun [ MC - Slot 2 ]
Change weapon to Flaregun [ MC - Slot 3 ]
Change weapon to Pistol [ MC - Slot 1 ]
Change weapon to Pistol [ MC - Slot 2 ]
Change weapon to Pistol [ MC - Slot 3 ]
Change weapon to Pumpgun [ MC - Slot 1 ]
Change weapon to Pumpgun [ MC - Slot 2 ]
Change weapon to Pumpgun [ MC - Slot 3 ]
Change weapon to Riffle [ MC - Slot 3 ]
Change weapon to Rifle [ MC - Slot 1 ]
Change weapon to Rifle [ MC - Slot 2 ]
Chaos Mode (Unmoored World)
Chapter 0:00.00 Time Cleared
Chapter Max 9,999,999 Combos
Chapter No Damages Taken
Chapter Play Time Always 10 Minutes (End Chapter)
Char Walk Speed x2
Char Walk 速度 ×2
Character Scaling 0.75
Character Scaling 1.25
Character Scaling 1.50
Character Scaling 2.00
Characters-1-Inf-Health
Characters-1-Invincible
Characters-2-Inf-Health
Characters-2-Invincible
Charge Gauge Disabled (Charge Blade)
Charge Gauge Never Drains
ChargeBlade 元件增强
Chargeblade element boost
Chargeblade no overheat
Chargeblade phial
Chargeblade sword boost
Chargeblade 剑 强化
Charged: Crucible
Charged: Diving Suit
Charged: Flame Belch
Charged: Grenades
Charged: Radiation Suit
Charged: Sentinel Hammer
Charged：Diving 战衣
Cheat Activator
Cheat Activator (turn OFF on loading screens)
Chemicals 900000 (on spend first time)
Chemicals Never Decrease
Chevrolet Race Events Codes
Chris (Sart With Magnum)+ Inf Ammo
Chrysler Race Events Codes
Cigs
Cinematic Mode [ MC ]
Circle of Life
Circuit De La Sarthe 24h I
Circuit De La Sarthe 24h II
Circuit car max Gauge
Citroen Race Events Codes
City Street Challenge 3
City Street Challenge 4
Civic Race Codes
Civil Ability points
Clan Creator: 1 Hit Kills (Both Sides)
Clan Creator: Infinite Deployment-Gauge
Clan Creator: Infinite Time
Clan Creator: Max XP on Get
Clan Master| 1 Kill= Max Clan Points
Clear (Sart With Magnum)+ Inf Ammo
Clear All Difficulties ~Load Save~
Clear Time Is 0:00:00
Clear the game in the ruins MAX SCORE
Clio Trophy Codes
Clio Trophy 代码
Cloud's Black Dress
Cloud's Blue Dress
Cloud's White Dress
CloudOthers，巴雷特
Club 'M' Codes
Club 'RE' Codes
Club 'Z' Codes
Clubman Cup Codes
Clubman Cup 代码
Code
Coins / Melee Energy (Master Code)
Colusseum: Max XP
Combats Ability points
Combo 666 + 4th Level (Blue)
Combo Count Never Dec-Mercenaries
Combo X200
Combo x99
Combos Multiplier x99
Community contribution max
Compactor Always Drops Max (Nightmare)
Compactor Always Drops Max Scraps (Nightmare)
Competition Dirt Racing 2
Compleation Time (Always less Than 4 hrs)
Consumable
Continuous Hit X300
Copen Race Codes
Copen 竞速代码
Coroa Romana Infinita
Costa Del Sol: Pirate Rampage
Craft Anything
Craft Items WO Material
Crazy Delivery 100k Points Per Trick
Cristais Infinitos
Crossfire Trophy Codes
Crunch Off Winner
Crystal Weapon [ MC ]
Crystal-Wall
Crystalline Fragment (100/Use Only For It)
Crystar
Current BP x2
Current Exp x2
Curse Resistance
D-Horse、DD、D-Walker 和 Quiet 均未受到伤害
DEADCRAFT
DPS计量
DYSMANTLE
Daihatsu Race Events Codes
Damage Multiplier (Master Code)
Damage Multiplier Mastercode
Damage Multiplier x 2 [ MC ]
Damage Multiplier(Master Code)
Damage Multiplier(Master Code) [DO NOT USE IN VALHALLA]
Dancing Max Score ( on gain )
Dante Inf Disaster Gauge
Dante Inf Round Trip
Dante Inf Royal Guard
Dark Shield: Always available
Dark Shield: No cooldown
Darts - Top Score
Darts: Easy Score
Darts: Easy Win
Darts: Easy X01
Darts: Perfect Shot
Dashing: No Cooldown
Dave Stamina at the Resturant
Day never increased (Use after Day1)
Day-Time: Midnight
Day-Time: Noon
Day从未增加过
Deactivate Gravity Jump [ MC ]
Deactivate Invincible
Deactivate Invincible Mode [ MC ]
Dead / Invincible (MC)
Death Counter Always 0
Death counter always 0 (modern mode)
DeathRGH 和 Rizla 提供的 1.27 版本偏移量，用于查找新的偏移量
Debuffs Frenzy1 disabled
Debuffs Frenzy2 disabled
Debuffs bleed disabled
Debuffs iceblight disable
Debuffs less stun timer
Debuffs poison disable
Debug Menu
Debug Menu (Disable)
Debug Menu (Enable)
Debug Menu (Enable, No Overlay)
Debug Mode
Debug Mode Sonic 1 + 2
Debug Mode Sonic 3
Debug Mode Sonic CD
Debug menu Display
Debug-Mode/All-Cheats
Decisive Pumpkin
Decrease 1 day (MC Date)
Decrease Archetype ID
Decrease Date
Decrease Demon ID
Decrease Item ID
Decrease id (MC id)
Default
Defence
Defense Weapon [ MC ]
Demon Gauge Timer Disabled (Dual Blade)
Demon Stats
Detect Creature
Deutsche Touring Car Meisterschaft Codes
Dev Menu (L3 + Upper L or R Touch Pad)
Dev Menu Hold L3
Dev Menu L3+Upper L or R Touch Pad
Dev Menu Press (L3 + Touch Pad)
Diazepam
Dinheiro + Estrelas e Fichas De Melhorias Infinito
Dinheiro Infinito
Disable Enemy Gauge
Disable Heal On Kill
Disable Idle Timer
Disable Infinite Focus
Disable Infinite Health
Disable Infinite Stamina / Mana
Disable Max Ability Points
Disable Max Attack
Disable Max Barrier (Auto Cast)
Disable Max Barrier Damage Bonus
Disable Max CON
Disable Max Cold Resistance
Disable Max Cooldown
Disable Max Critical Chance
Disable Max Critical Damage Bonus
Disable Max Cunning
Disable Max DEX
Disable Max EXP
Disable Max Electric Resistance
Disable Max Fire Resistance
Disable Max Flanking Damage
Disable Max Focus
Disable Max Guard (Auto Cast)
Disable Max Guard Damage
Disable Max Health
Disable Max MAG
Disable Max Magic Defense
Disable Max Main Hand Bonus
Disable Max Melee Defense
Disable Max Off Hand Bonus
Disable Max Penetration
Disable Max Range Defense
Disable Max STR
Disable Max Spirit Resistance
Disable Max Stagger On Hit
Disable Max Stamina / Mana
Disable Max Sunder On Hit
Disable Max Willpower
Disable Poison
Disc
Doesnt Detect / Invincible
Dogmas Infinito
Dont lose MRP on spend
Doors open w/o Keys
Doors open w/o Old-Keys
Dose 始终库存充足，随时可供
Doubles Moogle Medals On Spend | Turn Off When You're Done
Dragon Walk Speed X2
Dragons Hp
Dream Car Championship Codes
Drift-Diamond
Drive XP 50x
Drive/Summon Amount Doesn't Decrease
Drive/Summon Timer Doesn't Decrease
Driving Missions Codes
Driving On Snow 2
Drone Race: Enemys dont move
Drone Race: Finish Line Crossable in both Directions
Drone Race: Freeze Time
Drone Race: Infinite Boost
Drone Race: Infinite Health
Drone Race: Infinite Time
Drone Race: Instant Boost Recharge
Drone Race: Max Items
Drone View
Drone View x1000
Drop Rate Master Code
Dual Blade Demon gauge
Dup Ammo When Store On Storage
Dupe Anything (Storage) + Max Items
Dupe Anything In Storage Box
Dupe Items on Use
Duplicate Anything (Storage * Inventory)
Duplicate Items
Duplicate Items (On Use, Drop)
Durable Weapons And Armor
Durable Weapons And Armour
Durable Weapons and Armor
EGO
EMF 可视化工具
EP x2
EXP Boost
EXP OVERLORD | MAX LEVEL
EXP OVERLORD |Max Level After Battle
EXP OVERLORD| 1 Kill = Max LvL All Characters
EXP OVERLORD| 1 Kill Max Level
EX技
EX槽
EX槽最大
EX模式
EX爆发
Early Morning
Early morning (MC daytime)
Earn Extra Points on Kills/Spend
Earn Money on Spend
Earn SP on Spend
Earn Skills On Spend
Earn skillpoints to add 9.999.999
Easily Destory Enemy Tanks
Easy BP (~L50)
Easy Capture
Easy Capture and Kill All instantly
Easy Challenge
Easy Challenges
Easy Climb (Reduce Slipp.)
Easy Complete Quests v102
Easy Completition
Easy Damage-Multiplicator
Easy FP (Materia)
Easy Gauge
Easy Kill
Easy Kill (Affects Your Ally / Use Only in Fight Club)
Easy Kill (MC)
Easy Kills
Easy Level Up
Easy Level Up (activate pick a potion then deactivate)
Easy LevelUp
Easy Majima Rank
Easy Max Level
Easy Max Modded Weapons
Easy Metal-shards
Easy Monolith Scanning
Easy Perks
Easy QTE
Easy Quests
Easy Rage
Easy S Rank~Finish GUmmi Level~
Easy S rank (Shooting Range)
Easy SSS Style
Easy Scan Completition
Easy Shooting Range
Easy Skillmaster
Easy Stun Enemy (1P/2P Left Side) Master Code 3
Easy Stun Enemy (1P/2P Right Side) Need MC 3
Easy Terminal Hacking (PWNed)
Easy Train
Easy Training
Easy Training (Bacchus/Komaki/Areshi)
Easy Win (MC)
Easy XP
Easy capture and Easy kill
Easy structure upgrades (add at least one material to anything and it will upgrade all the way including road pavers)
Easy to Complete Challenges
EasyLevel
Ecommerce | Even More Points
Eeven More EXP| x10.000 Points Per Kill
El Capitan 200 Miles
Electric Sword Gauge Never Decreases
Element Boost (Charge Blade)
Element Slash (Charge Blade)
Elise Trophy Codes
Elixir Magico Infinito
Enable Costume Change
Enable Debug Menu
Enable Dev Menu
Enable Drive Boost
Enable Exo Movement (Player 1)
Enable Exo Movement (Player 2)
Enable Exo Movement (Player 3)
Enable Exo Movement (Player 4)
Enable Extra Missions
Enable Extra Missions (Press R1+R2 At Main Menu)
Enable FPS View - Hold L3
Enable Pal Key (Select One Color At A Time)
Enable Super Sonic
Enable Task View - Hold L3
Enable X-ray
Enable_debugmenu
Endless Powerup Items
Endurance Events Codes
Enemies Don't Move
Enemies Don't Move (-MAP 28)
Enemies Dont Attack
Enemies Dont Attack v01.22
Enemies Inf HP For Training
Enemies Location
Enemy + Player Inf HP
Enemy 0 Stamina
Enemy 1 Hit Kill //Unlock Before Boss Battle
Enemy Doesn't Shoot (except Uebersoldaten)
Enemy Don't Attack
Enemy Don't Move
Enemy Health is 1
Enemy Health is 1 using Flashlight
Enemy Infinite Health
Enemy Infinite posture
Enemy Location
Enemy Speed 0.00
Enemy Super 0 (MC)
Enemy Ultra 0 (MC)
Enemy Zero Stamina
Enemys dont Attack
Energia Infinita
Energy / Combo (Master Code)
Energy-250-Stage-2
Engrenagem Infinita
Enhanced Field Of View | Press Down/UP Button
Enigma Order: Easy Complete
Enterprise | Hella Points
Epic游戏商城
Escudo Infinito
Escudo+Vida Infinita
Etto 的 A 地块
Euro Hot Hatch League Codes
Europe Classic Car League Codes
European Events Codes
Even More EXP
Even More EXP| 400 Per Kill
Even More EXP| x6000 Per Battle
Evening (MC daytime)
Event 1
Event 10
Event 11
Event 12
Event 13
Event 14
Event 15
Event 16
Event 2
Event 3
Event 4
Event 5
Event 6
Event 7
Event 8
Event 9
Event Restriction Codes
Event timer
Evergate
Every item you get or buy will set to 99 (need at leat 2 of the item)
Every1 Inf HP 4 Practice
Everyone Armor Gauge 0
Everyone Else 0 Stamina
Evolution Meeting Codes
Evolution Points
Exp
Exp Multiplier (Master Code)
Exp Quick lvl Up
Expedition Mode: Infinite Multiplier Time
Expedition Mode: Infinite Time-Bonus
Expedition Mode: Instant Max Score
Experience Multiplier
Experience Multiplier by 500
Experience x100 after quest completion
Explosive Timer Freeze (only use when there is a timer)
Extra Carry On Loot Bag
Extra EXP
Extra EXP | x2000 Per Battle
Extra EXP| 150 Per Kill
Extra EXP| x5000 Points Per Kill
Extra Karma Pts. On Gain
Extra XP On Gain
Extract Effect (Insect Glaive)
Extract Effects (Insect Glaive)
Extreme Events Codes
E罐
FAT
FF Challenge Codes
FIFA 18
FIFA 22
FIFA 23
FIFA点数
FLY MODE(jumper fly turn off down then turn on walk air down)
FP值最大
FR Challenge Codes
FR 挑战码
FUIL-power
FUT冠军赛
FUT金币
Falconer| Powerful ATK
Family reunion Infinite Timer
Fast Alcemy Lv
Fast Car driving skill level up
Fast Charge (GreatSword)
Fast Charge Rising Slash (Charge Blade)
Fast Chocke
Fast Complete Challenges
Fast Complete Duelling
Fast Earn XP
Fast Exp / Levels (Master Code)
Fast Exp Points
Fast Forward Everything
Fast Forward Time
Fast Forward Timer
Fast Level Up
Fast Level Up/Xp
Fast Level up
Fast Level up (Demons)
Fast Leveling
Fast Lvl Up / EXP
Fast Materia AP lvlup
Fast Motorcycle driving skill level up
Fast Quarz Level up
Fast Run
Fast Running
Fast SSS Style
Fast Smash Tour
Fast Stamina Recovery
Fast XP
Fast Zombie Kills
Fast Zombie Kills~2000 Kill Per Kill~
Fast level up
Fast leveling
Faster Movement Code
Fatal Crest
Fataly Punkte
Fenrir
Fill Health
Fill Mana
Fill on pickup
Find Treasure
FindXAssetHeader 补丁
Finish Race directly
Finisher Always Available
Fireball Weapon [ MC ]
Fish sells for more cash!
Flare Unlocker [ Slot 4 ]
Flashlight Does Not Turn Off
Flashlight Never Dies
Float In Water
Floating/Fly [Multi Tap X (Jump)]
Fly - Press DPAD UP
Fly Hack
Flying Turbo Speed x5
Follow the Wind
For the complete trainer, visit our discord server (Team Reaper). Invite: https://discord.gg/yrxdxSPZmH
Formula GT Codes
Fort Condor Mini Game - Max ATB
Forward Day Time
Forward Day Time Code
Free Fack
Freez (Bomb Timer)
Freez Enemy (Enable Stamina Cheat)
Freez GIL
Freez Item in shop
Freez Mp
Freez Special LIMIT
Freez Timer
Freez 特别限量版
Freez 面具 滤镜时间
Freeze AI + Invincible
Freeze Backpack Weight
Freeze Bonus Combo Time - Mercenaries
Freeze Breach Protocol Timer
Freeze Challenges Countup Timer
Freeze Challenges Time (only use in Challenges)
Freeze Combo Count - Mercenaries
Freeze Combo Timer
Freeze Countdown Timer
Freeze Countdown Timer - DS
Freeze Countdown Timer - Mercenaries
Freeze Countdown Timer-Mercenaries
Freeze Counteroffensive Timer
Freeze Countup Timer - STORY-LIN-DS
Freeze Countup Timer - Story
Freeze Daytime
Freeze Elapse Timer
Freeze Enemies
Freeze Enemy
Freeze Enemy Timers
Freeze Enemy from Orignal Posistion
Freeze Everyone Super Acoursay
Freeze FX
Freeze GamePlay Timer
Freeze Items Usage Timer
Freeze Memory Souls
Freeze Mercenaries Timer
Freeze Mission Time
Freeze Mission Timer
Freeze Money
Freeze Offline Bots Countdown Timer
Freeze Out of Bound 15 Sec Warning
Freeze Out of Bound 15 Sec Warning Test
Freeze Part / Item Count
Freeze Play Timer
Freeze PlayTime
Freeze Race Timer
Freeze Retry-Counter
Freeze Save-Counter
Freeze SaveCounter
Freeze Skillpoints
Freeze Story Mode Timer
Freeze Stress Meter (Mission)
Freeze The Sun
Freeze Time
Freeze Time For Parkour And Fighting Challenge
Freeze Time Missions (Disable B4 Finishing)
Freeze Timer
Freeze Timer ( Collect Tech - Scrap )
Freeze Timer ( Mission )
Freeze Timer (Bedroom)
Freeze Timer (Shooting Range)
Freeze Timer - Test your Might
Freeze Timer - Tower + Story
Freeze Timer Pelota [ MC ]
Freeze Timer Sonic 1 + 2
Freeze Timer Sonic 3
Freeze Timer Sonic CD
Freeze Timer [ MC ]
Freeze Timer [ Time Challenge ]
Freeze Timer [ER - Challenges]
Freeze Timer-Test your Might
Freeze Timer-Tower + Story
Freeze Trial Timer
Freeze Upgrade Points (UnPause Then Pause)
Freeze link attack timer
Freeze time in battle
Freeze timer
Freeze-Daytime
Freezer Timer (Shooting Range)
French Showroom Codes
Frontier of Ultima
Frozen - Boltcaster Ammo
Frozen - Mining Beam
Frozen - Nanites
Frozen - Plasma Launcher Ammo
Frozen - Quicksilver
Frozen - Scatter Blaster Ammo
Frozen - Terrain Manipulator
Frozen - Units
Frutas Infinita
Frutas Infinitas
Frutas Infinitas 999
Fuji 1000 Km
Full  Brightness
Full Auto Semi Pistols/Rifles
Full Auto Semi Shotguns
Full Auto Semis
Full Caragor Ally Meter Summon (On Hit)
Full Cold Meter
Full Defensive\Offensive Meter
Full Hunger Meter
Full Hunger and Cold Meter
Full items
Full laser bar by 1 point
Full+Infinte ATB
Fuse（主厅）
Fuse（破防 房间 走廊）
Fusion Skills: Instant use Level 5
Fusion Skills: Max on Open Menu
GAP 得分使用量翻了一番
GOD MODE
GOD Mod
GP金币
GT 公式代码
GTA Cup Codes
GTA杯兑换码
GTi Cup Codes
GTi Cup 代码
Gain Items on Sell | Works on Key Items
Gain Max Money (READ INFO)
Gain Money Fast
Gain Money after Shop
Gain Money after Shop / Gain Items after Usage
Gain Vulgrim Coins after Shop
Gain 平台上的 9,999,999 VR 积分
Gain 突变诱发剂（食用后）
Gain上的47,000双袜子
Game Speed
Game Speed (Master Code)
Game Speed (must enable first)
Game Speed Mastercode [ Mastercode must be enabled for MC Cheats ]
Game Speed Multiplier (Movements) Master Code
Game Speed [ Normal ]
Game Speed [ x 2 ]
Game Speed [ x 3 ]
Game Speed [ x 4 ]
Game Speed [ x 5 ]
Game Speed x 1 [ MC ]
Game Speed x 2 [ MC ]
Game Speed x 3 [ MC ]
Game Speed x3
Game Time at End 00’00’00
Game-Speed
Game-Speed: Fast (2)
Game-Speed: Slow (0.3)
Game-Speed: Very Slow (0.1)
GameData.AllNoArrowConsume（需要加载中）
GameData.AllNoAttack（需要加载中）
GameData.AllNoDamage（需要加载中）
GameData.AllNoDead（需要加载中）
GameData.AllNoGoodsConsume（需要加载中）
GameData.AllNoHit（需要加载中）
GameData.AllNoMove（需要加载中）
GameData.AllNoMpConsume（需要加载中）
GameData.EnablePlayerReload（需要“加载中”）
GasMask
Gegner Tod in 1 Hit
Geld
Geld x2 Bei Reparatur
Geld x2 Beim Andocken
GeneRain
George V Rally Easy Codes
George V Rally Hard Codes
George V Rally Normal Codes
German Showroom Codes
Get Clues For Spending Them
Get MAX Level (200) after two battles
Get Max Lvl
Get Max Shards x99
Get Medals For Buying
Get Money For Buying
Get Money For Spending it
Get Perk Points For Spending Them
Get Reagents For Spending Them
Get Skillpoints For Spending Them
Ghost Mode
GhostSkin
Giant (Regina)
Giant（蕾吉娜）
Give 得分（玩家 2）
Give 得分（玩家1）
Give 得分（玩家3）
Give 得分（第4名玩家）
Glida Tons of idea Photos
Glida 海量创意照片
Glory
God Mode
God Mode (Can Be Grabbed)
God Mode (Unmoored World)
God Mode (Untouchable)
God Mode (Untouchable+No Effects)
God Mode (Untouchable+No Effects) [DO NOT USE IN VALHALLA]
God Mode (player and horse)
God Mode + OHK
God Mode + OHK (Unmoored World)
God Mode + OHK + Stamina
God Mode + OHK 2
God Mode + Stamina
God Mode 1P
God mode + OHK
God-Mode
GodMode
Godmode
Godmode (Zombies mode)
Godmode + 1 hit kill
Godmode Client 1
Godmode Test
Godmode Test 2
Godmode for all
Godmode*
Godmode/Sprint/Underwater
Gold 4wd Challenge
Gold 80's S.car Cup
Gold All Japgt Champ
Gold Altezza Champ
Gold American Champ
Gold Anima Don't Decrease
Gold Audi Tt Race
Gold Beetle Cup
Gold Boxer Spirit
Gold Clio Trophy
Gold Clubman Cup
Gold Dream Car Championship
Gold Elise Trophy
Gold European Champ
Gold Evolution Meeting
Gold Ff Challenge
Gold Formula Gt
Gold Fr Challenge
Gold German Touring Car Championship (All Gold Trophies)
Gold Grand Valley
Gold Granturismo As
Gold Gt World Champ
Gold Italian Avant
Gold Japanese Champ
Gold Laguna SCEA 200 Endurance
Gold Like The Wind
Gold Medals (9999) /On Spend
Gold Mistral 78 Laps
Gold Mr Challenge
Gold P Digital Cup
Gold Pass Colosseo
Gold Passage to Colosseo
Gold Race Na Sports
Gold Race Red Emblem
Gold Rally Alps
Gold Rally Alps II
Gold Rally Chal II
Gold Rally Challenge
Gold Roadster Endurance
Gold Route 5-wet
Gold S Mtn Rally
Gold S Mtn Rally Ii
Gold Saucer Points (Read Description)
Gold Seattle 100 Mi
Gold Seattle 100 Miles
Gold Silver Arrow
Gold Smoky Mountain Rally
Gold Smoky Mountain Rally II
Gold Sp Route 11
Gold Special Stage Route 11
Gold Spider &amp; Roadster
Gold Spider&amp;roadster
Gold Sports Car Cup
Gold Stars &amp; Stripes
Gold Sunday Cup
Gold Super Special Route 5 (Wet)
Gold Super Special Route 5 (Wet) II
Gold Super Speedway 15 Miles
Gold T Route 246
Gold Tahiti Chal
Gold Tahiti Maze
Gold Taiti Maze II
Gold Tokyo Route 246
Gold Tourist Trophy
Gold Trial Mountain
Gold Trial Mountain Endurance
Gold Turbo Sports
Gold Tuscan Challnge
Gold Type-r Meeting
Gold Vitz Race
Gold Won't Decrease
Golden Aces of Spades (Need MC and MC1)
Golf Closest to the Pin 5000 points
Golf Inf Bingo Attempts
Golf: Easy Score
Golf: Perfect Swing
Golf: Slowdown
Gota de Sangue Vermelha Infinita
Grabbed by boss disabled
Gradius-III-Inf-DOUBLE
Gradius-III-Inf-FUIL-POWER
Gradius-III-Inf-LASER
Gradius-III-Inf-MISSILE
Gradius-III-Inf-OPTIONS
Gradius-III-Inf-SPEED-UP
Gradius-III-Inf-lives
Gradius-IV-Inf-DOUBLE
Gradius-IV-Inf-FUIL-POWER
Gradius-IV-Inf-LASER
Gradius-IV-Inf-MISSILE
Gradius-IV-Inf-OPTIONS
Gradius-IV-Inf-SPEED-UP
Gradius-IV-Inf-lives
Graduation Test
Gran Turismo All Stars Codes
Gran Turismo World Championship Codes
Grana Infinita - Ativar uma unica vez para pegar o valor e depois desative!
Granade 挑空技（激活/进入/取消）
Grand Canyon Rally Easy Codes
Grand Canyon Rally Hard Codes
Grand Canyon Rally Normal Codes
Grand Valley 300 Km
Gravity Code
Green spear
Green-Spinner
Grenades
Grenades Unlocker [ Slot 4 ]
Growth points won't Decrease x10
Growth points x2
Growth points zero can work
Growth 得分 杰洛 可以行得通
Guardian Soul
Guide To Chicanes 1
Guide To Chicanes 2
Guilty 挡位：Strive
Gull Wing
Gummi Ship Health Doesn't Decrease
Gunlance Max Shell
Gunlance Shell (Gunlance)
Gunlance shell
Gunlance stake
Gunlance wyrmstake cannon
Guns No Reload
G先生
G病毒
HEALTH
HEV防护服
HONOR always maxed
HP (Master Code)
HP + Invincible (pick ancient potion)
HP / All  (Master Code)
HP / Credits (Master Code)
HP / Lives / Roar
HP / Lives / Roar (Lion King)
HP Opponent 25% (MC)
HP/ Lives / Fruit /
HP/ Lives / Fruit / (Aladdin) - (The Jungle Book)
HP攻击
HR | Lots Of Points
HS/XP/资源 倍率×100
HUD透明度
Hacky Max Score
Handgun (Activate/Enter/Deactivate)
Handker
Hard Attack: Always available
Hard Attack: No Blood Cost
Hard Attack: No Cooldown
Hard Attack: No Incantation
Hauptkennziffer
Have  Real Mega Blaster ~Swap Items~
Have 99 Balls
Have A Lot Of Plugs On Pickup
Have A Low Game Timer (MC)
Have All A Licenses
Have All Abilities ~After Battle~
Have All Accessories~Buy 1 Potion~
Have All Armor~Buy 1 Potion~
Have All Attack Commands
Have All Block Commands
Have All Cards ~Press Start~
Have All Cards/Story/Chars Entries
Have All Cars In Garage
Have All Cars Purchaseable &amp; Cost $1
Have All Consumables~Buy 1 Potion~
Have All Dream Pieces ~Buy 1 Dream Piece~
Have All Dresspheres ~Go In Dresspheres Menu~
Have All Equipment ~Buy 1 Potion~
Have All Garment Grids ~Go In Garment Grids Menu~
Have All Gold B Licenses
Have All Gummi Parts/BluePrints~Select Gummi Editor~
Have All Gummi ~Go To Gummi Garage~
Have All IB Licenses
Have All Item Commands
Have All Item ~Buy 1 Potion~
Have All Item's In Chest ~Swap Any Item From Inventory To Chest
Have All Items
Have All Items (Regina)
Have All Items ~After Buy No Weapos Or Gear~
Have All Items ~Buy 1 Potion~
Have All Key Items ~After Gaining An Key Item~
Have All Key Items ~Earn A Key Item~
Have All Key Items ~Pick Up An Al Bhed Book~
Have All Magic Commands ~Buy 1 Potion~
Have All Maps
Have All Materia ~Buy One Materia~
Have All Movement Commands
Have All Recipes ~But 1 Dream Piece~
Have All Recipes~Buy 1 Potion~
Have All Reprisal Commands
Have All Shotlock Commands
Have All Summons~Leave Area~
Have All Synthesis~Buy 1 Potion~
Have All Training Toys~Buy 1 Toy~
Have All Trinities~Walk To trinity Location~
Have All Usable Items &quot;After Buy Or Sell&quot;
Have All Weapons
Have All Weapons~Buy 1 Potion~
Have Corneria ~Swap Characters~
Have Drive Gauge Level 9~Press Start~
Have Fritz ~Swap Characters~
Have Gold IA License Codes
Have Gold Medal Codes
Have Gold S License Codes
Have Harol ~Swap Characters~
Have Julio ~Swap Characters~
Have Lamborghini Diablo (Replaces The Car In Garage Slot 1)
Have Laser Sword ~Swap Items~
Have Leon ~Swap Characters~
Have Mission Cleared Codes
Have No More Than 10% Health (MC)
Have No More Than 28% Health (MC)
Have No More Than 50% Health (MC)
Have No More Than 75% Health (MC)
Have Porsche 911 (Replaces The Car In Garage Slot 2)
Have Queen's ~Swap Items~
Have Sephiroth In Slot 3 ~Swap Character From Slot 2 To Slot 3~
Have all Weapons ~Buy 1 Potion~
Haven't Saved
Health
Health / 1 Hit
Health / 1 Hit Kill
Health / 1 Hit Kill (Master Code)
Health / 1 Hit Kills
Health / All (Master Code)
Health / Ammo / Frost (Master Code)
Health / Armor / Ammo / Skill Points (Master Code)
Health / Stamin / 1 Hit Kill (Master Code)
Health / Stamina / 1 HK (Master Code)
Health Master Code (must be enabled)
Health Never Decreases
Health Node Fragment
Health Pointer
Health and Artefacts (Master Code)
Health zero = no die
HeartRate Always Calm
Heat instant Charge
Heat: Bar 2
Heat: Bar 3
Heat: Empty
Heat: Max
Hella EXP
Hella EXP | x50.000 Per Battle
Hella EXP| 25000 Per Kill
Hella EXP| x50.000 Points Per Kill
Heroic Level Don't Decrease
Heros Crest
Hi-Fi 快速进攻
Hidden Dragon
Hide All Dev Menu Details
Hide Background
Hide FPS Counter
Hide on Screen Details
High Energy ~After Use~
High Gummi Score
High Jump
High Jump (Hold R1)
High Jump(DMC3)
High Money
High Score
High Star Amount
High XP on Gain
Hit Beats 9999 (quando ativado)
Hit Beats 9999（启用时）
Hit Me SM = Story Mode...MM = Mercenary Mode...One Hit Kill when playing as Chris please turn cheat off when marking the 1st target......
Hit for Max Special Combo
Hold R1 To Hit Homerun
Hold Right-Dpad To Hit Homerun
Homemade Traps Locked
Homeward 神像 瞬间 | 瞬间归佛
Honda Race Events Codes
Horse Stamina
Hospital Max HP/SP &quot;After Heal&quot;
Hospital Max HP/SP/Revive ~After Gain~
Hospital Max Revive ~After Gain~
Hostess: Max Love-Gauge
Hot Rod Competition Codes
Hover Mode activated
Hunger disable
Hunter: High Damage
Hyper Player Speed Sonic 1 + 2
Hyper Player Speed Sonic 3
Hyper Player Speed Sonic CD
Hyper Speed (must fill / get money 1st / MC1)
Hyper 速度（必须先填满/获取金钱 / MC1）
Hyundai Race Events Codes
Hyundai Sports Festiveal Codes
Hülle Unzerstörbar
I
INF AMMO
INF Amirta
INF Ammo + Rapidfire
INF Blue Life Crystal (Raid Mode)
INF Flashlight Battery
INF Gold
INF HEALTH
INF HP
INF INK
INF Items x99
INF KI
INF Max Ki
INF SUPER BOTH PLAYER
INF UPGRADE POINTS
INF-POWER-UP-ITEM
INF.Ammo No Reload
INF.Items Spawn
INFINITE STAMINA
INFINTE  HP turns off INF SP AND BP
INFINTE  MONEY BUY/SELL TURN OFF AFTER USE
INV-Take one for Max
Idiot A.I.
Idiot AI All Opponents
Idolo Infinito
Ignore Bloodcosts
Ignore Crafting Item Requirement
Ignore Grenade Count
Ignore Mission Timer
Ignore Money on Buy
Ignore Perk Points Requirements
Ignore Perkpoints
Ignore Smithing Item Requirement
Ignore me ( Enemies won?t attack you )
Ignore weight and Never Decrease Movement speed
Iinfinite Health (1 player)
Iinfinite 生命（1名玩家）
Il2CppUserAssemblies.prx
Immortal
In-lives-99
InF Coins
Increase 1 day (MC Date)
Increase Archetype ID
Increase Date
Increase Demon ID
Increase Item ID
Increase Jump Height
Increase Money on Use
Increase Player and NPC Height
Increase Redeem Taken By 20%
Increase Walk Speed x2 (MC)
Increase Walk Speed x3 (MC)
Increase all level
Increase id (MC id)
Inf  Health
Inf  Mission Time
Inf  Money on buy
Inf 1st Jump
Inf 2nd Jump
Inf AP
Inf Active Item
Inf Adrenaline
Inf Ammo
Inf Ammo - Grenades
Inf Ammo - Res
Inf Ammo / Grenade / No Reload
Inf Ammo / Knifs / Darts
Inf Ammo / Max Money (MC)
Inf Ammo / No Reload
Inf Ammo / No Reload (MC)
Inf Ammo / No Reload (Primary/ Secondary)
Inf Ammo / No Reload / Frost (MC)
Inf Ammo Bazooka
Inf Ammo Capacity
Inf Ammo Gun
Inf Ammo No Reload
Inf Ammo Secondary Weapon
Inf Ammo ShotGun
Inf Ammo and Items Consumables
Inf Ammo use it with No Reload
Inf Ammo/Grenades/Knives
Inf Ammo/Items/Parts on Pickup/Use
Inf Ammo_Items_Crafting
Inf Amrita Gauge on Gain/Use
Inf Armor
Inf Armour Durability
Inf Arrow
Inf Arrows
Inf Arrows (MC)
Inf Artifact / Soul
Inf Attribute Points
Inf Aura
Inf Awakening Rumble Gauge
Inf Battery
Inf Berries (Turn On and Off)
Inf Bike Nitro
Inf Blood
Inf Blood Echoes On Spend
Inf Blue Hearts
Inf Bombs
Inf Bombs(On Use)
Inf Bonus Points
Inf Bonus Time
Inf Boost
Inf Boost + Endless Burnout Chain
Inf Boots durability
Inf Brave Power Meter
Inf Breath
Inf Buggy Equipment Usage (DLC)
Inf Building Studs
Inf Bullets
Inf Bushido Points (on spend)
Inf Camoufladge When Used
Inf Camouflage
Inf Car Boost
Inf Car Durability
Inf Car Fuel
Inf Car HP
Inf Car Health
Inf Cards(On Use)
Inf Cells on spend
Inf Coins (On Spend, On Get Crashes)
Inf Color Points
Inf Combat Challenge Time
Inf Combo Time
Inf Combos
Inf Consumables
Inf Continues
Inf Cosmo 1P
Inf Craft Recycle (on sell)
Inf Crafting Materials
Inf Credits / Money (On buy)
Inf Credits-Eridium-Seraph-Torgue
Inf Credits-Items
Inf Crystals
Inf D-Link Bar
Inf Dash
Inf Dave Stamina at the Resturant
Inf Dead Eye
Inf Death Blown
Inf Death Morph
Inf Devil Trigger
Inf Devilstar L in Inventory
Inf Durability
Inf EXP / Max LvL
Inf Elixir
Inf Enemy HP
Inf Energy
Inf Energy (MC)
Inf Energy Shield Usage
Inf Energy vehicules
Inf Engram Points on Spend
Inf Enhancements Stones
Inf Essence
Inf Exp/ Max Lvl (Main Character)
Inf Exp/Gold/Max Lvl
Inf Extra Special (On Use)
Inf Finisher
Inf Finisher Gauge / Max Orbs (Master Code)
Inf Finisher after use
Inf Fire Skill Points (on Spend)
Inf Focus
Inf Focus Points (Use a Point Once, Press Square and deactive after)
Inf Frenzy Mode hold CIRCLE to Deplete
Inf Fuel
Inf Fuel (DLC)
Inf GRP
Inf Ghost mode
Inf Glad/Money (On Buy)
Inf Glowing Animals Once Spotted
Inf Gold
Inf Gold Coins (On Buy)
Inf Gold Orbs Hell and Hell
Inf Gold Orbs in Inventory
Inf Grappling Hook Stamina
Inf Grenades
Inf Griffa Tokens x1
Inf Griffa Tokens x5
Inf Guardian Tokens
Inf HP
Inf HP (Allies) / 1HK (Master Code)
Inf HP (Juliet)
Inf HP (L1+L3 On) (L1+R3 Off)
Inf HP (leave your max HP at 250)
Inf HP + (MC)
Inf HP + Easy Kill
Inf HP + OHK
Inf HP + Pet (Other animals have Inf HP when this is ON)
Inf HP / 1 Hit Kill (Master Code)
Inf HP / Ammo / Max Money (Master Code)
Inf HP / Easy Kill (Master Code)
Inf HP / Easy Win (Master Code)
Inf HP Hell and Hell
Inf HP Master Code
Inf HP Player + Enemy
Inf HP Player + Enemy for Practice
Inf HP SP AP 1 hit kill
Inf HP Shield _One Hit Kill
Inf HP and 1 Hit Kill
Inf HP+Stamina (HP will decrease a little)
Inf HP/STM/Oxygen/Food/Water/0 Weight/Torpidity
Inf Heal Potion
Inf Health
Inf Health (MC)
Inf Health (Master Code)
Inf Health (Zombie Mode)
Inf Health (need at least 1 hearts)
Inf Health (player and npc)
Inf Health / Ammo / 1 Hit Kill (Master Code)
Inf Health / Armor
Inf Health / Armor / 1 Hit Kill (Master Code)
Inf Health / Relic Energy (Master Code)
Inf Health / Stamina /Ammo (Master Code)
Inf Health 1P
Inf Health Always On
Inf Health Enemy and Player for Practice
Inf Health Potions
Inf Health Sora
Inf Health(Main Character)
Inf Health/ Timer/Save / No Retries (Master Code)
Inf Heat
Inf Helix
Inf Helth / 1 Hit Kill (Master Code)
Inf Hero Points use it once After max XP cheat
Inf Hit Points
Inf Hokuto Mode
Inf Hold Air
Inf Horse Bursts
Inf Horse Run
Inf Hover
Inf Hp
Inf Hp Alt
Inf Ingredients/Crystals/Souls
Inf Insight On Spend
Inf Item
Inf Item (on gain or use)
Inf Item Use
Inf Item and scrap on get (make sure to Get at least 2)
Inf Item in use
Inf Items
Inf Items (Shop)
Inf Items (on get)
Inf Items Backpack
Inf Items On Sell
Inf Items On Use
Inf Items and Weapons (L3 Pressed while save to avoid freeze)
Inf Items use on Mission
Inf Items\Throwables
Inf Items\Throwables v2
Inf Items| On Sell Or Use
Inf Itmes use only in resturant sell 1 item to restore it to x99
Inf Jump
Inf K.O
Inf Katana Meter
Inf Keys(On Get)
Inf Keys\Coins_Deactivate when Done
Inf Kill Score
Inf Kimetsu Points
Inf Knifes
Inf Knives
Inf Kudos on use
Inf Life
Inf Lives
Inf Lives in Retro + Invincible in Modern mode by hejran7
Inf MAX Health
Inf MP
Inf Madness
Inf Magic
Inf Mana
Inf Mana (Enable only in Wisdom of Shadows)
Inf Materials [Growth Map] (Turn On and Off)
Inf Materials [Soul Map] (Turn On and Off)
Inf Max Ace points
Inf Max EXP
Inf Max rag
Inf Medic Use
Inf Mega Bome Usage
Inf Metal
Inf Might (On Hit)
Inf Mirian and Gems
Inf Modules Use
Inf Molotov, Consumables, Health Packs, Throwables
Inf Money
Inf Money (on get}
Inf Money / Bombs
Inf Money / Gold
Inf Money 999999
Inf Money need to be fix
Inf Money on Level Up
Inf Money on gain
Inf Money on spend
Inf Mony (on get)
Inf Moogle Points
Inf Morph Skill
Inf Moves
Inf Mp All
Inf Myth Points use it once After max XP cheat
Inf NPC HP
Inf Ninjutsu Capacity
Inf Nitro
Inf Nitro (DLC)
Inf O2
Inf Onmyo Magic Capacity
Inf Orbs
Inf Overcharge Keep Pressin UP to deplete
Inf Oxygen
Inf PA Orbs
Inf Pachi after Shop (USE IT ALONE)
Inf Pesos (on gain)
Inf Phozons
Inf Pipe Bombs
Inf Plane Extra Special (On Use)
Inf Points
Inf Power
Inf Powers
Inf Pressure Bomb
Inf Proud Souls
Inf Pts
Inf Rations
Inf Red Hearts
Inf Red Orbs
Inf Relic Energy On Spend (MC)
Inf Resin
Inf Resistance walking wather
Inf Resolv
Inf Resources
Inf Ressources
Inf SG
Inf SP
Inf Samina
Inf Scrap on Gain/Use
Inf Secondary Objects
Inf Sense Skill
Inf Shadow Stone
Inf Shield
Inf Shift Skill
Inf Shop Items
Inf Shop Items Sell or Buy
Inf Silk
Inf Skill Point use it once After max XP cheat
Inf Skill Points
Inf Skill Points (On Buy)
Inf Skill Points (On Use)
Inf Skill Points - Badass Tokens On Use
Inf Skillpoints
Inf Skillpoints  Important -&gt;(Deactivate Inf HP and 1 Hit Kill before useing)
Inf Skillpoints (Disable 1 Hit Before Using)
Inf Slash Lust
Inf Smith Materials (On Convert/Used)
Inf Smithing Stam (On Forge)
Inf Smithing Stam (On Smelt)
Inf Smithing Stam(On Refine)
Inf Souls
Inf Souls on Spend
Inf Speargun Ammo
Inf Special Moves
Inf Special Moves Gauge
Inf Special Weapons
Inf Specialist
Inf Spells
Inf Stalker Skill
Inf Stamina
Inf Studs  (Get some studs then you will have enough)
Inf Super Crystal Gauge
Inf Super Player 1
Inf SuperMode 1P (Press R3 to deplete)
Inf Sushi
Inf Talismans Time
Inf Tape
Inf Throwable
Inf Throwables
Inf Time (time Challenge)
Inf Time Bonus
Inf Time Combo
Inf Traps
Inf Trial Time by hejran 7
Inf UV Light
Inf Ultimate (On Use)
Inf Ultra Combo PLAYER 2
Inf Ultra Combo Player 1
Inf Upgrade Points
Inf UtopiCoin
Inf Vehicle HP
Inf Venom Power
Inf WESN
Inf Water
Inf Weapon Consumables
Inf Weapon Durability
Inf Weapon Durability/No Buggy Damage
Inf Web-shooters
Inf Wingsuit Boost
Inf Witch Time Always On
Inf Witch Time when Get
Inf Wrath
Inf Wrath (On Kill)
Inf Wrath of Aarbron
Inf XP
Inf ammo
Inf chiral bandwidth (build as many structures as you want)
Inf crafting matirials
Inf item on crafting
Inf items
Inf lightning water ninjutsu power
Inf resources
Inf stamina
Inf throwables
Inf weight
Inf white flower and First Aid Med usage
Inf+Max Consumables
Inf+Max FP
Inf+Max Health
Inf+Max Level (15)
Inf+Max Murks
Inf+Max Runes
Inf+Max Skill Points (Open Inventory)
Inf+Max Stamina
Inf+Max Valor Surge
Inf-AMMO-Heaviest-Guns
Inf-AMMO-Lightest-Guns
Inf-AMMO-ShotGun
Inf-AMMO-Special
Inf-Air-Never Drown
Inf-All-Weapon
Inf-All-Weapon + Bullits-Jumps
Inf-All-Weapon-Ammo
Inf-All-Weapon-Never-Reload
Inf-All-Weapon-SP
Inf-Ammo
Inf-Ammo All Weapons
Inf-Ammo-All-Weapon-Never-Reload
Inf-Ammo-And-Item
Inf-Ammo-Gun-Cdt-1911/No-Reloads
Inf-Ammo-NO-Reload
Inf-Ammo-Never-Reload
Inf-Ammo-No-Reload
Inf-Ammo/Never Reload
Inf-Arrow + Elixir-healing + Crystals-of-time
Inf-Arrow + Inf-Elixir-healing + Inf-Crystals-of-time
Inf-Bomb
Inf-Bomb-Gunbird Special Edition=2
Inf-Bomb-Gunbird-Special-Edition=1
Inf-Bombs-Need-1
Inf-Bombs-Need-1-3D
Inf-Bombs-Player 1
Inf-Capture-Ball
Inf-Credits
Inf-Energy
Inf-Energy-Weapon
Inf-Full-control-POWER
Inf-Gems + blue-Crystal-items
Inf-Grenades
Inf-Gun-Blade-Charge-Virgil
Inf-Healing-Power
Inf-Health + Bullits(MC)
Inf-Health + one-Hit-Kill-(MC)
Inf-Health-(MC)
Inf-Health-2
Inf-Health-Hearts-(MC)
Inf-Health-Kits+Flashlight
Inf-Health-One-Hit-Kill
Inf-Health-One-Hit-Kill-(MC)
Inf-Health-One-Hit-Kill-(mc)
Inf-Health-Packs-999
Inf-Ink-Ribbons-HARD MODE
Inf-Life-Recovery
Inf-Lives-Player 1
Inf-Nuts+Inf-HS+Inf-GOLD-(MC)
Inf-Points-Remaining
Inf-Points-money
Inf-Rage-Points-Power-(mc)
Inf-Rage-Power
Inf-Rapid-Fire
Inf-SkillS-Points
Inf-Stamina-Weapon
Inf-Super+Stamina
Inf-Time-Trials
Inf-Weapon-ALL-Gun
Inf-Weapon-ASSON
Inf-Weapon-Shadow-Gun-Full-Power
Inf-Weapon-mega-Ball
Inf-Weapon-no-broken
Inf-Weapons-Energy
Inf-Wrath-bar-Rage
Inf-ammo-ak-47
Inf-crystals-Fragments
Inf-evil-Trigger-Lady-Trish
Inf-evil-Trigger-Virgil-(V)
Inf-evil-Trigger-vergil
Inf-evil-Trigger2-Dante
Inf-gold-coin
Inf-items-Sword
Inf-lives-Gunbird Special Edition=2
Inf-lives-Gunbird-Special-Edition=1
Inf-scrap-metal
Inf-shurikens
Inf-shurikens-The-girl
Inf-super-kick
Inf. Boltcaster Ammo
Inf. Flares/Grenades/Molotovs/Mines
Inf. Health
Inf. Health + Shield
Inf. Health + Shield + Keys, etc.
Inf. Item Usage
Inf. JetPack
Inf. Life Support
Inf. Magic Stones &quot;After Use&quot;
Inf. Run Stamina
Inf. Water JetPack
Inf/Dupe Items
Inf/Max Energy Meter on Use
InfArrow
InfBoneSand
InfCrystal
InfGland
InfRotPower
InfRotShape
InfRougeShape
InfShield
InfSkill
Inf_Money、Res、Arrow
Infi Ammo &amp; Items
Infi Beta Energy - 无限贝塔能量
Infi Combat Consumables - 无限战斗消耗品
Infi HP
Infi Health - 无限生命值
Infi Shield - 无限护盾
Infiinite Health
Infiite 生命
Infineon World Sports
Infinie MP
Infinit Amirta
Infinit stamina
Infinite  BloodEcho
Infinite  Flash Light
Infinite (Stackable-)Items
Infinite (Sticky Gun/Repair Spray/Ladder/PCC/Climbing Anchor)
Infinite + Max Element Charge (Switch Axe)
Infinite + Max Shell (Gunlance)
Infinite + Max Spirit Blade Gauge (Long Sword)
Infinite - Player Health
Infinite - Player Sheild
Infinite - StarShip Health
Infinite - StarShip Sheild
Infinite - 《StarShip 生命》
Infinite - 星舰护盾
Infinite - 玩家 生命
Infinite - 玩家护盾
Infinite AA Gun Health
Infinite AG
Infinite AMMO
Infinite AP
Infinite AP (5 bars)
Infinite AP While Loading
Infinite AP While Moving
Infinite AP While Shooting
Infinite AP while using items
Infinite ATB
Infinite Ability Point
Infinite Ability Points
Infinite Abilitypoints
Infinite Action (When Full)
Infinite Action Gauge
Infinite Adrenaline
Infinite Afterburner
Infinite Afterburner ( Batmobile )
Infinite Aim Focus
Infinite Air
Infinite Air Dash
Infinite Air Dashing
Infinite Air Filter
Infinite Air Pressure In Gun
Infinite Air holding working
Infinite Air under Water
Infinite Ammo
Infinite Ammo &amp; Items
Infinite Ammo (3D Minigame)
Infinite Ammo (DShK 12.7mm Machinegun)
Infinite Ammo (Pistols)
Infinite Ammo (squad and turret)
Infinite Ammo (sticky gun)
Infinite Ammo + Fuel
Infinite Ammo - *No Reload Needed
Infinite Ammo - Grenades
Infinite Ammo / Items
Infinite Ammo / No Relaod
Infinite Ammo / No overheat
Infinite Ammo All Weapons
Infinite Ammo And Grenades| Story Mode
Infinite Ammo [ Hanna ]
Infinite Ammo and Grenade Usage
Infinite Ammo+Fuel
Infinite Ammo/Consumables/Skill Points On USe
Infinite Ammo/Crafting/Items Usage
Infinite Ammo/Fuel
Infinite Ammo/Grenades
Infinite Ammo/Items
Infinite Ammo/Items/Medkits
Infinite Ammo/Items/Runes
Infinite Ammo/Medkits/Throwables
Infinite Ammo/No Reload
Infinite Ammo/No Reload (Use Infinite Items)
Infinite Ammo/No Reload/Fuel
Infinite Ammo/No reload
Infinite Ammo/Resources
Infinite Ammo/Throwables
Infinite Ammo_Items_Crafting
Infinite Amrita (on spend)
Infinite Ancient Magic
Infinite Anima
Infinite Arial 重装兵 攻击
Infinite Armor
Infinite Armor ( after hit )
Infinite Armour
Infinite Armour Durability
Infinite Armour on Gain
Infinite Arrow (on shoot)
Infinite Arrow-Bullet-Divine Rice
Infinite Arrows
Infinite Arrows &amp; Throwables
Infinite Arrows &amp; Throwables [DO NOT USE IN VALHALLA]
Infinite Arrows (Turn off when out of combat)
Infinite Arrows Normal Shots
Infinite Arrows and Throwables [DO NOT USE IN VALHALLA]
Infinite Arrows clips
Infinite Arrows*
Infinite Arrows/Clubs/spears
Infinite Arrows/Craft On Use
Infinite Arrows/Potions (On Use)
Infinite Arrows/Potions(on Shoot/Consume)
Infinite Arrows/Throwables
Infinite Art Gauge
Infinite Artefacts on Get (Must enable MC)
Infinite Aspects
Infinite Asthma
Infinite Astral Timer
Infinite Attack Boost Time [MC] ( after use  )
Infinite Attribute Points
Infinite Attribute Points (Activate/Exit/Enter)
Infinite Attribute Points (on spend)
Infinite Attribute points (spend and turn off and spend to take effect)
Infinite Attribute points after Commiting points
Infinite Awakening [MC]
Infinite BP
Infinite BUFF/Skill Duration
Infinite BatMobile Health/Armour
Infinite Batteries
Infinite Batteries x1
Infinite Batteries x1 (Goggles, Torch)
Infinite Batteries x20
Infinite Batteries x4
Infinite Batteries x8
Infinite Battery
Infinite Battery Life
Infinite Battery Life Value
Infinite Battery Recharge
Infinite Battery/No Toxicity (MASTERCODE/MUST BE ON)
Infinite Battle Turn
Infinite Bend-Time
Infinite Berry
Infinite Bike Durability (Disable On Chase Bike Missions)
Infinite Bike Fuel
Infinite Bile 圣杯瓶（启用MC）
Infinite Blade Bar
Infinite Blade Shapeness ( on use )
Infinite Blanks
Infinite Blood
Infinite Blood Punch
Infinite Blue Hearts
Infinite Boat Health
Infinite Body Armor
Infinite Bolt &amp; Arrows
Infinite Bolts
Infinite Bombs
Infinite Bombs / Rockets
Infinite Bombs/ Coins/ Keys
Infinite Boost
Infinite Boot Durability
Infinite Botnet
Infinite Bottles
Infinite Box 物品（收集后）
Infinite Break Gauge
Infinite Breath
Infinite Breath (UnderWater)
Infinite Breath (Underwater)
Infinite Breath Holding
Infinite Breath Sonic 1 + 2
Infinite Breath Sonic 3
Infinite Breath Sonic CD
Infinite Breath/Jump (Water)
Infinite Broom Boost
Infinite Buff Duration
Infinite Buffs
Infinite Bullets
Infinite Bullets x99
Infinite Bullets/Grenades
Infinite Burst
Infinite Burst ( Special Attack L3 + R3 )
Infinite Buster Grenades
Infinite Buy Task
Infinite C4
Infinite CA 计费表 / 计费表 0（主密码）
Infinite CP
Infinite CP | In Battle
Infinite Cans
Infinite Canteen
Infinite Canteen/Fuel (MASTERCODE/MUST BE ON)
Infinite Car Battery
Infinite Car Health (when driving it)
Infinite Car Light
Infinite Car 氮气使用
Infinite Card Draws
Infinite Cash
Infinite Cast Bullets
Infinite Chainmultiplier Time
Infinite Chakra
Infinite Challenge Time
Infinite Challenge-Time
Infinite Chant
Infinite Character Skill Points
Infinite Charge (Hellbreath)
Infinite Charge Power
Infinite Charge [MC]
Infinite Chest-Loot
Infinite Chicago Typewriter (Put Handgun In The Center)
Infinite Chicago 打字机（将手枪放在中央）
Infinite Claymore Mines (Last Light)
Infinite Clip
Infinite Clip Ammo
Infinite Clones
Infinite Coins
Infinite Collectables (Pick Up +3 Times)
Infinite Combo
Infinite Combo Time
Infinite Companion Combat Meter
Infinite Completion Points
Infinite Concentration
Infinite Consumables
Infinite Consumables (Turn off Max cheat before use)
Infinite Consumables Items in Battle
Infinite Consumables On Use
Infinite Consumables On Use/Dirham On Buy
Infinite Consumables(must have 2)
Infinite Copper
Infinite Copper ( on gain / use )
Infinite Crafting
Infinite Crafting Items When Use
Infinite Crafting Items When Use IF &gt; 1
Infinite Crafting Materials at Shops (Turn off after use)
Infinite Credit
Infinite Credits
Infinite Critical Gauge
Infinite Crucible Sword
Infinite Currencies, Arrows and Consumables
Infinite Currency
Infinite D-林克 酒吧
Infinite DIGS
Infinite DUMA charge Bar (in Battle)
Infinite Dark Vision
Infinite Dark-Vision
Infinite Dash
Infinite Dash [ MC ]
Infinite Dashes
Infinite Devil Trigger (DMC1)
Infinite Devil Trigger (DMC3)
Infinite Devilstar L 背包
Infinite Dislocator Ammo/other guns with clips
Infinite Doppelgaenger
Infinite Double Jump
Infinite Double Jump (After It Is Unlocked)
Infinite Drachmae
Infinite Dragon Manure
Infinite Drill Fuel
Infinite Drive Boost
Infinite Durability/No Buggy Damage
Infinite EP
Infinite EP (turn off at the tutorial)
Infinite EP In Battle
Infinite Echoes
Infinite Electro Energy
Infinite Endurance
Infinite Endurance (To Run)
Infinite Endurance/Focus
Infinite Energy
Infinite Energy ( Quick Menu )
Infinite Energy ( Rocket Launcher )
Infinite Energy (Caster)
Infinite Energy / Ammo
Infinite Energy Shield
Infinite Energy read
Infinite Energycells
Infinite Enhancements
Infinite Equipment
Infinite Ergo
Infinite Eve
Infinite Ex bar
Infinite Ex 条
Infinite Exceed Gauge (Gain for Max)
Infinite Exo Jump
Infinite Exp
Infinite Experience
Infinite Extra Special
Infinite Extra Special (On Use)
Infinite Eye
Infinite FP
Infinite FP/AP
Infinite Fable
Infinite Fable Arts
Infinite Fables
Infinite Fairy Dance
Infinite Fatality Time
Infinite Feat Points
Infinite Feat-Points
Infinite Fertilizer x20
Infinite Fervor
Infinite Finishers
Infinite Fire Boost Time [MC] ( after use  )
Infinite First Aid Spray/Herbs/Chiken Eggs
Infinite Fishing Stamina
Infinite Flame Belch
Infinite Flare / Flashbang
Infinite Flares
Infinite Flashlight
Infinite Flashlight Energy
Infinite Flasks
Infinite Flasks (On Use/x2 To Work)
Infinite Floating
Infinite Focus
Infinite Fol
Infinite Food (On Use)
Infinite Food Health Boost on Use
Infinite Force
Infinite Force (when pushing and pulling)
Infinite Frenzy (when activating)
Infinite Frenzy On Use
Infinite Fuel
Infinite Fury
Infinite Fury On Kill
Infinite Fusion
Infinite GMP
Infinite GRP
Infinite Gadget use
Infinite Gald
Infinite Game Time
Infinite Gas
Infinite Gasmask Filter
Infinite Gauge
Infinite Gauge ( Soldier Squad )
Infinite Gel
Infinite Gems
Infinite Ghost Stance
Infinite Ghost stance
Infinite Gift-Points
Infinite Gil
Infinite GillyCoins
Infinite Glida
Infinite Glory
Infinite Gold
Infinite Gold (Bullets)
Infinite Gold (on get)
Infinite Gold x999999
Infinite Granades
Infinite Granades/Equipments
Infinite Grappling Hook Stamina
Infinite Gravity
Infinite Grenade
Infinite Grenades
Infinite Grenades (Local Co-op)
Infinite Grenades (only use if not using Infinite Health)
Infinite Grenades And Knives
Infinite Grenades On Use
Infinite Grenates
Infinite Grip
Infinite Guard Gauge
Infinite HP
Infinite HP (Sora)
Infinite HP + 1 Hit Kill | All Characters
Infinite HP + OHK
Infinite HP, Stamina_shared
Infinite Hack
Infinite Hack Time
Infinite Hack-Time
Infinite Hacking Attempts
Infinite Heal-Skill Usage
Infinite Healing Potion
Infinite Healing Ward
Infinite Health
Infinite Health ( Batmobile )
Infinite Health ( Player / Team )
Infinite Health ( Zero Radiation )
Infinite Health ( after hit )
Infinite Health (-Trolley Combat)
Infinite Health (1 player)
Infinite Health (3D Minigame)
Infinite Health (Battle Network 1)
Infinite Health (Battle Network 5 Team Protoman)
Infinite Health (Battle network 3)
Infinite Health (Bleeding Kill You)
Infinite Health (Campaign Mode)
Infinite Health (Campaign)
Infinite Health (Disable At The End of The Stage)
Infinite Health (Enable MC)
Infinite Health (Hold L1 To Max)
Infinite Health (Local Co-op)
Infinite Health (MC)
Infinite Health (Main Hero)
Infinite Health (Main Player)
Infinite Health (Master Code)
Infinite Health (Multiplayer)
Infinite Health (Multiplayer/Local Co-op)
Infinite Health (Must enable MC)
Infinite Health (Need MC)
Infinite Health (Not Against Fire)
Infinite Health (Not Against Your Own Molotov)
Infinite Health (Rebelion Mode)
Infinite Health (Slayer+Revenant) + Shield
Infinite Health (Turn Off In 2nd Battle)
Infinite Health (Zombie Mode)
Infinite Health (battle Network 6 Cybeast Gregar)
Infinite Health (battle Network 6 Cybeast falzar)
Infinite Health (battle network 2)
Infinite Health (battle network 4 Blue moon)
Infinite Health (battle network 4 Red Sun)
Infinite Health (battle network 5 Team Colonel)
Infinite Health (can receive damage from falling or fire)
Infinite Health (hold L1 T Max)
Infinite Health (level Up and fight your first figh)
Infinite Health (may not work for some monsters and soldiers)
Infinite Health (turn off when breaking Obstacles)
Infinite Health (when haunting the other will get inf hp)
Infinite Health + Grenades
Infinite Health + Invincible (Turn OFF when enter to the first boss, die is needed to continue the gameplay)
Infinite Health + OHK
Infinite Health + One Hit Kill
Infinite Health + One hit kill
Infinite Health + Shield
Infinite Health - Green Bar (Player 1 only)
Infinite Health / 1 Hit (Master Code)
Infinite Health / Hearts (Some traps and thinner rivers can hurts you)
Infinite Health / Stamina
Infinite Health 999(turn off SP)
Infinite Health AI
Infinite Health Atreus
Infinite Health Atreus (turn off cheat Activator)
Infinite Health Boost
Infinite Health Drone
Infinite Health Elixirs/Spiritual Remedy
Infinite Health Kratos
Infinite Health OverCharge
Infinite Health Player
Infinite Health Player 1
Infinite Health Player 1 [ MC ]
Infinite Health Player 2 [ MC ]
Infinite Health Seryngs
Infinite Health Ship
Infinite Health Syringes
Infinite Health Syringes (x2 To Work)
Infinite Health Zombies Mode
Infinite Health [ Hanna ]
Infinite Health [ MC ]
Infinite Health [MC]
Infinite Health+-1-Hit
Infinite Health+1 Hit Kill
Infinite Health+Armor (Enable Only When Start A Mission)
Infinite Health+Energy+Dash
Infinite Health+Fervor+Bile Flask (MASTER CODE)
Infinite Health+Stamina+Fable+Legion
Infinite Health/1 Hit Kill (MASTERCODE/MUST BE ON)
Infinite Health/1 Hit Kill (MASTERCODE/MUST BE ON) (DMC2)
Infinite Health/1 Hit Kill (Master Code DMC3)
Infinite Health/1 Hit Kill (Master Code)
Infinite Health/1 Hit Kill (Master Code/Must Be On)
Infinite Health/1 Hit Kill (Mastercode/Must Be On)
Infinite Health/1 Hit Kill/Drone (MASTERCODE/MUST BE ON)
Infinite Health/1 Hit Kill/Rage/Arrows/Stun (MASTERCODE/MUST BE ON)
Infinite Health/1 Hit Kill/Rots On Use (Master Code/Must Be On)
Infinite Health/1 Hit Kill/Shield/Action (MASTERCODE/MUST BE ON)
Infinite Health/1 Hit Kill/Stamina/Fable/Legion (MASTERCODE/MUST BE ON
Infinite Health/1 Hit Kill/Stamina/Fable/Legion (MASTERCODE/MUST BE ON)
Infinite Health/1 Hit kill (Master Code)
Infinite Health/1 Hit kill (Master Code/Must Be On)
Infinite Health/1hit kill (shared with stamina and horse may not work)
Infinite Health/1hitkill for main Character Turn off the first one
Infinite Health/Breath
Infinite Health/Energy
Infinite Health/Energy/Dash/Shock
Infinite Health/Energy/Polymeric Ability/Shock/Dash (MASTERCODE/MUST BE ON)
Infinite Health/Mana/CT
Infinite Health/Max SP On Spend (Mastercode/Must Be On)
Infinite Health/Rage/Arrows (Master Code/Must Be On)
Infinite Health/Rage/Stum/Arrows/Throwables/Weapon Charge (MASTERCODE/MUST BE ON)
Infinite Health/Shield
Infinite Health/Special Attack (Need MC)
Infinite Health/Special Attack/1 Hit Kill (Master Code)
Infinite Health/Wrath Bottles Potion
Infinite Health/throwables/Magic)
Infinite Health: Ashley/Louis
Infinite Health: Leon/Ada
Infinite Hearts
Infinite Hearts/Health
Infinite Heat
Infinite Heat Gauge
Infinite Heath
Infinite Heath/Power (MASTERCODE/MUST BE ON)
Infinite Heats
Infinite Heavy Weapons Ammo
Infinite Helium
Infinite Hold Breath
Infinite Horse Gallop
Infinite Horse Stamina
Infinite Hostage Health (Challenge)
Infinite Hp
Infinite Hunting Ground Trials Timer
Infinite Hype Points (Earn Hype points to take effect)
Infinite Ice Boost Time [MC] ( after use  )
Infinite Immunity/Chemical Area
Infinite Ingredients (Turn off Max cheat before use)
Infinite Ink Ribbons
Infinite Inventory
Infinite Inventory When USE (items,tools,weapons,ammo)
Infinite Invincible Time [MC] ( after use  )
Infinite Iron
Infinite Item
Infinite Item Inventory
Infinite Item Meter
Infinite Item and Ammo
Infinite Items
Infinite Items ( don?t decrease )
Infinite Items ( on gain )
Infinite Items (DMC3)
Infinite Items (Don't Use Max Items)
Infinite Items (Dupe into Storage)
Infinite Items (In battle have 2)
Infinite Items (Sale)
Infinite Items (Storage)
Infinite Items (Warehouse)
Infinite Items (on use)
Infinite Items / Ammo
Infinite Items 4.06
Infinite Items And Materials
Infinite Items Build
Infinite Items Effect
Infinite Items For Sell
Infinite Items On Sell | Works on Key Items
Infinite Items On Sell |Shops
Infinite Items On Sell/Use
Infinite Items On Use
Infinite Items On Use/Buy/sell (2 To Work)
Infinite Items Throw
Infinite Items Usage
Infinite Items and Ammo
Infinite Items on Spend
Infinite Items on Use
Infinite Items on Use/Sell
Infinite Items | Battle
Infinite Items | Inventory
Infinite Items |Battle
Infinite Items/ Storage
Infinite Items/Ammo
Infinite Items/Arrows/Craft On Use (Need 2 To work)
Infinite Items/Craft On Use
Infinite Items/Craft/Baits
Infinite Items/Potions/Arrows (On Pick Up/x2 To Work)
Infinite Items/Resources
Infinite Items/Shards/Resources On Use/Buy
Infinite Items/Throwables (Need 2 To Work)
Infinite JP
Infinite Jetpack
Infinite Jetpack (Must Have)
Infinite Jump
Infinite Jump and Glide
Infinite Jump power
Infinite Jumping
Infinite Jumping Dash
Infinite Jumps
Infinite Jumps ( with Wings )
Infinite KI
Infinite Katarina/Player Ability points
Infinite Katarina/Player skill  points
Infinite Keys
Infinite Ki
Infinite Knife Durability
Infinite Knives
Infinite Kunai throw Kaede
Infinite LP
Infinite Laser
Infinite Laser + Granades + Hatchets (100)
Infinite Latern
Infinite Legion
Infinite Legion Use
Infinite Legion [ MC ]
Infinite Legion use
Infinite License Points
Infinite Life Conservation
Infinite Lifes
Infinite Light
Infinite Lighting Bombs
Infinite Limit
Infinite Lives
Infinite Lives (3D Minigame)
Infinite Lives (no need to pick one)
Infinite Lives P1
Infinite Lives-All Levels
Infinite Living Weapon
Infinite MP
Infinite MP (Sora)
Infinite MP + Max MP
Infinite MP [ MC ]
Infinite MP [ on use ]
Infinite MP | All Characters
Infinite MP | Shining Dragon
Infinite Magatsuhi Skill
Infinite Magazine
Infinite Magic
Infinite Magic + Max
Infinite Magic / Chakra - Blue Bar (Player 1 only)
Infinite Magic / Mana (You obtain magic when collect the Book of Hydro)
Infinite Magic Power
Infinite Mana
Infinite Mask Filter
Infinite Mastery Skill points
Infinite Materials
Infinite Max Blaster Bullets
Infinite Max Force
Infinite Max HP
Infinite Max Items and Arrows
Infinite Max MP
Infinite Max Saber Stamina
Infinite Max Shield Charge
Infinite Max Valor Form
Infinite Medals
Infinite Medical Items
Infinite Medkit On Use
Infinite Medkits
Infinite Medkits (Slow Time)
Infinite Medkits On Use
Infinite Mega Bome
Infinite Melee Finisher
Infinite Melee Finisher Ammo Usage
Infinite Merchant Items
Infinite Metal Shards (On Repair)
Infinite Metal Shards and Bluegleams (On Buy)
Infinite Might
Infinite Mines
Infinite Missile Barrage
Infinite Missile and Special Weapons
Infinite Missiles
Infinite Missiles ( Batmobile )
Infinite Modifications (On Use)
Infinite Molotov
Infinite Molotovs
Infinite Money
Infinite Money (Dew) x999999
Infinite Money (Duplicate x2)
Infinite Money (Make Money Before)
Infinite Money (Raid)
Infinite Money (Ryo)
Infinite Money (Zombie Mode)
Infinite Money (on buy or sell)
Infinite Money -Duplicate x2-
Infinite Money / Items
Infinite Money / Rosary Beads x9999999
Infinite Money / Tickets x999999
Infinite Money 4.06
Infinite Money On Buy (Disable After Use)
Infinite Money and Unlock Points Usage
Infinite Money x999990
Infinite Money, CP
Infinite Money, Items
Infinite Money, Items, Credo Points
Infinite Money/ Gil/ VP
Infinite Money/Gil
Infinite Money/Items
Infinite Money/Resources
Infinite Monster Energy Drinks
Infinite Moogle Medals | Turn Off When You're Done
Infinite Motor 机油
Infinite Mount Stamina
Infinite Moves
Infinite Mp
Infinite Multi Shot Arrows
Infinite Murks
Infinite Mushhus
Infinite Musou
Infinite Nanites For BUY
Infinite Neon
Infinite Neon Energy Usage
Infinite Neon Singularity Usage
Infinite Nero 异刃 触发器
Infinite Neuropolymer/Resources (On Pick Up)
Infinite Neuropolymer/Resources (On Use)
Infinite Neuropolymer/Resources (On use)
Infinite Neuropolymer/Resources On Use
Infinite Nitro
Infinite Nitro Turbo
Infinite Nitrous
Infinite Nourishment
Infinite Number Of Adrenaline (Health Regeneration)
Infinite OP
Infinite Offense/Defense Bars
Infinite Oni form bar
Infinite Over 冲锋（使用时）
Infinite Oxigen (Not A Hero)
Infinite Oxigen（Not A 英雄）
Infinite Oxygen
Infinite Oxygen (Not a Hero)
Infinite Oxygen (Underwater)
Infinite Oxygen Mask
Infinite Oxygen [ MC ]
Infinite Oxygen+Stamina
Infinite PSI
Infinite PTAS
Infinite Partner Gauge
Infinite Parts, Pills
Infinite Pawn Health
Infinite Pawn Stamina
Infinite Perk Points
Infinite Perk Points Upgrade Requirements
Infinite Perk points
Infinite Perkpoints
Infinite Perks points (spend and turn off and spend to take effect)
Infinite Pesetas
Infinite Pesos/Materials/Resources/Uranium/Glints/Cash/Respect/Penance (On Get/Disable After Have Enough)
Infinite Pet 林克 能量条
Infinite Phial + Max (Charge Blade)
Infinite Pistols/SMG/throwable
Infinite Plane Extra Special
Infinite Plane Extra Special (On Use)
Infinite Plasma Ammo
Infinite Player Health
Infinite Polymeric Ability
Infinite Polymeric 的特性
Infinite Possession
Infinite Posture Bar | 无限架势槽
Infinite Potions
Infinite Potions (On Use)
Infinite Potions (on use)
Infinite Potions/Runes (on use)
Infinite Power
Infinite Power (M)
Infinite Power (arrows use/spells etc..)
Infinite Power Armor Core Power
Infinite Power Points
Infinite Power Tokens On Buy (Enable To Work/Disable After Use)
Infinite Powers
Infinite Praetor Points
Infinite Praxis
Infinite Prayer Beads
Infinite Premium-Z Coins
Infinite Pressure (Air Gun / Flamethrower)
Infinite Pressure (Tikhar + Flamethrower + Helsing)
Infinite Pressure (Tikhar/Flamethrower)
Infinite Projectiles
Infinite Psyche
Infinite Quick Items
Infinite R. Launcher (Put Handgun In The Center)
Infinite R. 挑空技（将手枪置于中央）
Infinite R. 挑空技（将手枪置于中心）
Infinite REP points (Spend REP points to take effect)
Infinite Radiation/Dive Suit
Infinite Rage
Infinite Rage (incl. Kratos and Atreus)
Infinite Rage Burst
Infinite Rage Of Sparta
Infinite Rage of Sparta
Infinite Rage*
Infinite Raritanium
Infinite Reaper Power
Infinite Red Hearts
Infinite Red Souls On Use
Infinite Reload Ammo / Bullet Currency
Infinite Repair Kits ( Armor )
Infinite Repairs
Infinite Resistance
Infinite Resistance to Rough Terrain
Infinite Resolve
Infinite Resources
Infinite Resources (On Pick Up)
Infinite Resources (Pick Up)
Infinite Resources (on spend buy 1 suit)
Infinite Resources/Gadgets
Infinite Ressource
Infinite Ressource / Web Shooter
Infinite Ressource/Web Shooter
Infinite Resurrection
Infinite Rewinds
Infinite Rings
Infinite Rockets read
Infinite Rope Durability
Infinite Rots On Use (Disable 1 Hit Kill)
Infinite Rune Energy
Infinite Runes
Infinite Running
Infinite Running Stamina
Infinite SBA
Infinite SC
Infinite SKills
Infinite SP
Infinite SP On Use
Infinite SP(turn off Health)
Infinite Salt
Infinite Sauce Health (M)
Infinite Scanner
Infinite Scrap When Spend
Infinite Screws
Infinite Secondary Weapons
Infinite Selfdefense Weapons
Infinite Sentience
Infinite Sentinel Hammer
Infinite Service vehicules timer
Infinite Service 车辆计时器
Infinite Shadow Walk
Infinite Shell Shards
Infinite Shell Shards x9999999
Infinite Shield
Infinite Shield [ MC ]
Infinite Shields
Infinite Ship Health
Infinite Ship-Stamina/Adrenaline__
Infinite Shock
Infinite Shop Points
Infinite Shortcut Items
Infinite Shrine Bar
Infinite Silence Ammo
Infinite Silencer Ammo
Infinite Silk
Infinite Singularity
Infinite Skeleton Battery
Infinite Skill Points
Infinite Skill Points (Journey Mode)
Infinite Skill Points (on spend)
Infinite Skill Points on Spend
Infinite Skill points
Infinite Skill points (on spend)
Infinite Skill points (when confirming)
Infinite Skill points after Commiting points
Infinite Skill 得分 犯规后 得分
Infinite Skill 消费即得积分
Infinite Skillbar
Infinite Skillpoints
Infinite Skillpoints / Shards
Infinite Skillpoints/Money
Infinite Skillpoints/Quarz
Infinite Skills
Infinite Skull Totems ( on gain / use )
Infinite Slow Motion Power
Infinite Smoke Bombs
Infinite Soul
Infinite Soul Gauge
Infinite Souls
Infinite Souls and Crystals (Turn off Max cheat before use)
Infinite Souls on gain
Infinite Sparks
Infinite Special
Infinite Special Ability
Infinite Special Attack
Infinite Special Attacks
Infinite Special Attacks skill Points
Infinite Special Moves
Infinite Special Skill Instant Charge
Infinite Special Skills
Infinite Specialist (Get 1st)
Infinite Specialist (Zombies)
Infinite Specialized Tools
Infinite Spectral Shield Health
Infinite Speed/Power Skeleton use
Infinite Spell points (on spend)
Infinite Spells - No Cooldown
Infinite Spider Suit Health
Infinite Spinel
Infinite Spinels
Infinite Spray x20
Infinite Spray/Ladder/Anchor/ PCC (use)
Infinite Spray/Ladder/Anchor/PCC
Infinite Sprint
Infinite Sprint/Swim
Infinite StackItems
Infinite Stamina
Infinite Stamina ( Battle Mode )
Infinite Stamina ( Run Mode )
Infinite Stamina (For Running)
Infinite Stamina (Sprinting)
Infinite Stamina (also companion)
Infinite Stamina (light attack)
Infinite Stamina (rolling)
Infinite Stamina (strong attack)
Infinite Stamina / Mana
Infinite Stamina For Mount
Infinite Stamina [ MC ]
Infinite Stamina [MC]
Infinite Stamina/Air
Infinite Stamina/Breath
Infinite Stamina/Focus
Infinite Stamina/Oxygen
Infinite Stat point Van Helsing
Infinite Stats Lady Katarina
Infinite Stats skill points (player/Companion)
Infinite Status Values
Infinite Stepchain-Time
Infinite Stimms On Use (You Don't Die)
Infinite Stones
Infinite Structures Durability
Infinite Sub Weapons
Infinite Sub Weapons| Grenades
Infinite Sub Weapons| Long Arms
Infinite Sub energy
Infinite Subchip (battle network 3)
Infinite Subchips (have 2) Battle network 2
Infinite Sun Power (for healing only)
Infinite Sun x9990
Infinite Super
Infinite Super Atack
Infinite Super Meter Bars (Master Code)
Infinite Super Sonic Rings
Infinite Supermeter Player 1 [ MC ]
Infinite Supermeter Player 2 [ MC ]
Infinite Supply Lines ( on gain / use )
Infinite Support Usage
Infinite Suppressor
Infinite Surge Gauntlet
Infinite SwordSkillConnection
Infinite TP On Activation
Infinite Tactical Equipment
Infinite Take down
Infinite Talentpoints
Infinite Talisman
Infinite Tapes / Save w/o Tapes
Infinite Tears Gauge
Infinite Tech Points (Enable After Earn 1 point)
Infinite Technique Points
Infinite Technique Points (Enable When you get 1)
Infinite Thinner and Paint
Infinite Thinner 和 喷漆
Infinite Third Eyes ( Rock - Paper - Scissors )
Infinite Throwable
Infinite Throwable/ Equipped / Craftable Items
Infinite Throwable/ Equipped / Craftable Items on using
Infinite Throwables
Infinite Throwables (After Getting Throwables)
Infinite Throwables (Chris - Not A Hero)
Infinite Throwables (Not A Hero)
Infinite Throwables (Not a Hero)
Infinite Throwables (On use)
Infinite Throwables/Items
Infinite Throwing
Infinite Thumper
Infinite Tickets
Infinite Tickets (Disable After Use)
Infinite Tickets x9999999
Infinite Tiger Beast Duration
Infinite Tiger Beast Gauge
Infinite Time
Infinite Time Freeze (story mode/Time Attack mode)
Infinite Time Skill
Infinite Time challenge (Disable B4 Finishing)
Infinite Time-Wipeout Missions
Infinite Timeshift | Press R2 To Shift Back To Normal
Infinite Tokens
Infinite Tool Use
Infinite Tools 的使用方法
Infinite Traits
Infinite Tree Food x10
Infinite Truck Durability (on land)
Infinite Truck Durability (on water)
Infinite Turbo
Infinite Turn
Infinite Turrent Ammo
Infinite UP on Gain
Infinite UV Flashlight
Infinite Ultimate Art
Infinite Underwater Breath
Infinite Undo
Infinite Union Gauge
Infinite Unison 条形量规
Infinite Units For BUY
Infinite Upgrade Kits + Enigma Codes (99)
Infinite Usage Items
Infinite Uses for items and powerups (have 2) (Battle Network 1)
Infinite V 触发计量表
Infinite V-Trigger Gauge
Infinite V-Zone Player 1 [MC]
Infinite V-Zone Player 2 [MC]
Infinite V-毒圈 玩家1 [MC]
Infinite V-毒圈 玩家2 [MC]
Infinite Valor Drive
Infinite Vehicle Battery
Infinite Vehicle Durability
Infinite Vehicle Durable | 无限载具耐久度
Infinite Vehicle Engine
Infinite Vehicle Health
Infinite Venom (after 1st charge activate only after defeating Rhino)
Infinite Venom Power
Infinite Venom power (after first charge)
Infinite Vigor
Infinite Vision Mode
Infinite WP
Infinite Water
Infinite Water on the Map (turn off scrap cheat)
Infinite Water walk
Infinite Water walking Stamina
Infinite Weapon Ammo
Infinite Weapon Charge (L1+Triangle)
Infinite Weapon Durability
Infinite Weapon Health
Infinite Weapon Parts
Infinite Weapon Points
Infinite Weapon Sharpness Durability
Infinite Weapon Zoom
Infinite Weapon ammo (no reload)
Infinite Weapon/Armor Durability
Infinite Weapons Durability
Infinite Weaver Armour
Infinite Web-shooters
Infinite Weight
Infinite White 贤者（Rose）
Infinite Wing Energy
Infinite Wingsuit Boost
Infinite Wingsuit Missiles
Infinite Wizardry Spell
Infinite Wizardry Spell Points
Infinite Wizardry Spells (On use)
Infinite Wood
Infinite Wrath
Infinite Wrath Bar
Infinite Wyrmstake Cannon (Gunlance)
Infinite X
Infinite XP
Infinite XP/HS/Resources (99,999)
Infinite Yokai Shift Duration
Infinite Yrd
Infinite Yuld
Infinite Zeni
Infinite Zip oh matic/deathray/free love Ammo
Infinite ammo
Infinite ammo (have ammo)
Infinite and Max HP Maximillian
Infinite and Max HP Monica
Infinite and Max HP Ripepop
Infinite and Max Health
Infinite blue sword magic
Infinite bomb P1
Infinite bombs
Infinite head 生命（适用于右侧选手）
Infinite health
Infinite health (M)
Infinite health + One hit kill (Miriam Classic Mode)
Infinite item use (on the mission)
Infinite items
Infinite items (while stacking have 2 items and Stack one)
Infinite items and consumables
Infinite items and consumables(disable during unique mission items like bounty posters...)
Infinite items use
Infinite jump stamina
Infinite lives
Infinite lives x99 (Miriam Classic Mode)
Infinite mana bar
Infinite money
Infinite potions x99 (Miriam Classic Mode)
Infinite red sword magic
Infinite skill points
Infinite skills
Infinite slow time
Infinite stamina
Infinite sword Charge usage
Infinite usables
Infinite weapon Durability
Infinite wirebug
Infinite 专家 / 手榴弹
Infinite 医疗包/部件 | 丢弃物品/武器以获取重复物品
Infinite 右腿 生命（适用于左路球员）
Infinite 喷气背包（必备单品）
Infinite 喷漆/梯子/锚点/PCC
Infinite 喷漆/梯子/锚点/PCC（使用）
Infinite 墨水 色带
Infinite 小道具的使用
Infinite 小龙 粪肥
Infinite 左腿 生命（适用于右路球员）
Infinite 左腿 生命（适用于左路球员）
Infinite 必杀技（使用时）
Infinite 手榴弹的使用方法
Infinite 技能 得分 升级要求
Infinite 正在使用的物品
Infinite 武士道 得分（消费时）
Infinite 治疗——技能使用
Infinite 激情四射
Infinite 灵视 消费时触发
Infinite 爆能枪 子弹
Infinite 特性 得分（使用时）
Infinite 特性 得分（额外消费）
Infinite 特性链接
Infinite 狂暴状态（激活时）
Infinite 神器 / 灵魂
Infinite 科技 废料
Infinite 科技 得分（获得 1 分后解锁）
Infinite 终结技 使用后
Infinite 终结技（首次使用后）
Infinite 绳子的耐用性
Infinite 绳子的耐用性（当锁定目标时）
Infinite 维吉尔 恶魔触发
Infinite 背包 何时出售
Infinite 背包 使用时（物品、工具、武器、弹药）
Infinite 背包 当 USE IF > 1 时
Infinite 背包 拆解时
Infinite 背包 物品
Infinite 背包 空间占用
Infinite 背包 被丢弃时
Infinite 背包（使用时包含物品、工具、武器，但是）
Infinite 辅助 计量表
Infinite 辅助的使用方法
Infinite 重装兵 武器 弹药
Infinite 锻造 Stam（在锻造中）
Infinite 锻造 Stam（熔炼时）
Infinite 锻造 Stam（精炼时）
Infinite 长矛的使用
Infinite 面具 过滤器
Infinite 靴子耐久度
Infinite 食堂/Fuel (MASTERCODE/必须开启)
Infinite 食堂/Fuel（主代码/必须开启）
Infinite 黑色 Pearl（消费即得）
Infinite+麦克斯 耗材
Infinite-AMMO
Infinite-Air
Infinite-All-Items
Infinite-All-MAGIC
Infinite-All-Weapon
Infinite-All-Weapon-(MC)
Infinite-All-Weapon-P1
Infinite-All-items
Infinite-Amber-energy
Infinite-Ammo
Infinite-Ammo-Magnum
Infinite-Ammo-ShotGun
Infinite-Armor
Infinite-Arrow
Infinite-Arrow-(MC)
Infinite-Arrow-Fire
Infinite-Assault Rifle
Infinite-BOMB P1
Infinite-Bomb
Infinite-Bomb P1
Infinite-Bomb-99
Infinite-Bomb-P1
Infinite-Breath
Infinite-Breath)
Infinite-COINS
Infinite-CREDIT
Infinite-Credits
Infinite-Energy
Infinite-Fire
Infinite-GAS
Infinite-GOLD
Infinite-Grenades
Infinite-Health
Infinite-Health + 1 Hit Kill-(MC)
Infinite-Health + Coins keys
Infinite-Health + Inf-Web
Infinite-Health to all things (MC)
Infinite-Health(MC)
Infinite-Health+1-Hit
Infinite-Health+1-hit
Infinite-Health-(MC)
Infinite-Health-(Master-Code)
Infinite-Health-(mc)
Infinite-Health-2
Infinite-Health-2-(mc)
Infinite-Health-2-3D
Infinite-Health-Aurora(MC)
Infinite-Health-King-(MC)
Infinite-Health-P1
Infinite-Health-Zengetsu(MC)
Infinite-Health-[100]
Infinite-Hearts
Infinite-Immunity
Infinite-Items
Infinite-Items-HP
Infinite-Items/Grenades
Infinite-Jumps
Infinite-Ki
Infinite-Lives
Infinite-Lives-P1
Infinite-MAGIC
Infinite-MASK
Infinite-MP(Aurora)
Infinite-MP(Zengetsu)
Infinite-MP（Aurora）
Infinite-MP（Zengetsu）
Infinite-Materials
Infinite-Med-packs
Infinite-Power
Infinite-Proud-Sovl
Infinite-Rapid-Fire
Infinite-Red-Orbs
Infinite-Rings
Infinite-SHELD
Infinite-SHELD-ARCADE-Mode
Infinite-SHELD-STORY-Mode
Infinite-SHELD-街机厅-模式
Infinite-SP-ARCADE-Mode
Infinite-SP-STORY-Mode
Infinite-Sait
Infinite-Sand-Bar
Infinite-Shield-Ring
Infinite-Skull-2-
Infinite-Smart-Bombs
Infinite-Stamina
Infinite-Stamina-(mc)
Infinite-Supplies
Infinite-Time
Infinite-Weapon
Infinite-Web
Infinite-Web-MAGIC
Infinite-bomb
Infinite-bomb P1
Infinite-bomb-99
Infinite-coins
Infinite-credits
Infinite-credits-ARCADE-Mode
Infinite-grenade launcher
Infinite-handgun EAGLE
Infinite-items
Infinite-keys
Infinite-lives
Infinite-lives =sonic knuckles
Infinite-lives =sonic the hedgehog=1
Infinite-lives =sonic the hedgehog=2
Infinite-lives =sonic the hedgehog=3
Infinite-lives P1
Infinite-lives-99
Infinite-lives-P1
Infinite-lives-sonic-3D-BLAST
Infinite-lives-sonic-hedgehog-SMS
Infinite-machine gun
Infinite-magnum
Infinite-marbles
Infinite-molotov
Infinite-money
Infinite-money-($)-(MC)
Infinite-money-(mc)
Infinite-ring-sonic knuckles
Infinite-ring-sonic the hedgehog-1
Infinite-ring-sonic the hedgehog-2
Infinite-ring-sonic the hedgehog-3
Infinite-ring-sonic-hedgehog-SMS
Infinite-rocket launcher
Infinite-shotgun
Infinite-shurikens
Infinite-stars-Power
Infinite-戒指-刺猬索尼克-3
Infinite-戒指-索尼克-刺猬-短信
Infinite-戒指-索尼克·刺猬-1
Infinite-戒指-索尼克·刺猬-2
Infinite-生命-套件
Infinite-生命-礼包-999
Infinite-生命-神模式
Infinite-精神值-STORY-模式
Infinite-贝壳-碎片
Infinite. 灵石 “使用后”
Infinite. 物品 使用方法
Infiniti Health
Infinito头盔
Infinity Ammo
Infinity Dungeon: Jump to Floor 1000
Infinity Dungeon: No need for Keys
Infinity Gifts
Infinity HP
Infinity Health
Infinity Items\Throwables
Infinity MP
Infinity Magic Power
Infinity Max Souls
Infinity Oxigen
Infinity Project Points
Infinity Resources
Infinity Souls
Infinity Stamina
Infinity Supplies
Infinity Upgrade Material
Infinity Vendor Items
Infinity Weapon Durability
Infinity 商人 物品
Infinity 赛车用氮气增压系统
Infinity-HP
Infinte Gill
Infinte HP + Invisible (pick ancient potion)
Infinte Health
Infinte MP
Infinte Regalia Gas
Infinte Skillpoints
Infinte 能量棒
Infintie Titan Thrust
Ink Ribbon
Insant 200% 扫描
Insect Glave Stamina
Insect glaive extract 1
Insect glaive extract 2
Insect glaive extract 3
Insect glaive kinsect stamina
Insta Kill
Instant +50 treasures
Instant +999 treasures
Instant 1m Lums
Instant Action Bar
Instant Aim Focus
Instant All Skills
Instant Athra Surge Charge
Instant Athra surge charge
Instant Beast Power Charge
Instant Blast Gauge
Instant Brew Potions
Instant Building
Instant ButtonHold Actions
Instant Camera Film
Instant Chaos After Use
Instant Chaos Form
Instant Choke
Instant EXTRA Skill Gauge
Instant End Valor Surge
Instant Fill Wrath and Havoc
Instant Focus recovery
Instant Full  B.A.N.D Meter | On Strike
Instant Full Limit
Instant Grow Plants
Instant Gun-Focus
Instant Havoc
Instant Health Regeneration
Instant Infinite Divine Beast Gauge (Hit Enemy)
Instant Infinite Rage On First Hit Kratos/Atreus (Disable Health Both)
Instant Kill Enemies
Instant Level 50
Instant LevelUp
Instant Lock Picking
Instant Lucky Ticket
Instant Lunar Power (flashlight)
Instant Max Expertise
Instant Max Friendship
Instant Max Fury On Kill
Instant Max Infinite Rage
Instant Max Level
Instant Max Level Smithing
Instant Max Level/XP
Instant Max Mayhen Mode (Mercenaries)
Instant Max Morale
Instant Max Power
Instant Max Sword-Skill-Proficiency
Instant Max Weapon Gauge
Instant Max Weapon Mastery
Instant Max XP
Instant Max/Infinite Adrenaline On Use/Gain
Instant Max/Infinite Super
Instant Mount Override Recovery
Instant OverDirve
Instant QuickTime Events
Instant R3
Instant R3*
Instant Rage
Instant Rage Meter Fill When Get Hit (Turn Off God Mode Before Use)
Instant Regeneration
Instant Remove Effects
Instant Scan
Instant Shutter Lock
Instant Skill
Instant Skill Level Up| Use Skill Once
Instant Spirit Power
Instant Stagger
Instant Structure Builds
Instant Structure Builds (Talixme,Vicodin10,Rizla)
Instant Summon
Instant Supremo Recharge
Instant Teensy Unlock All
Instant Teensy 解锁全部
Instant Transformation (on hit)
Instant Wrath
Instant Wrath/Havoc Bar Refill (L1+R2 To Deactivate Havoc)
Instant Wyrmstake Blast (Gunlance)
Instant Wyrmstake shot (Gunlance)
Instant camouflage refill
Instant dead eye recharge
Instant growth 3 days plants (turn off other ones)
Instant laser by using
Instant lvl 72 - Inf Ammo - Inf HP
Instant 基地 开发动态
Instant 末地 价值飙升
Instant 极限技 | 被击中时
Instant/Infinite Rage
Instant/Infinite Wrath Attack+Havoc Form (1 Hit)
Instant/麦克斯 MP 填充（进入镜像时回合数归零，以获取麦克斯能量条）
Instantly Max and Infinite Scrap (99,999)
Int Air Hike
Intel 得分（不要降低）
Interact With Nearby Items
Interrogation Room ~Int. Left Max~
Invencibility
Invincibility
Invincibility ( Spikes )
Invincibility [ MC ]
Invincibility-1-Get-mask
Invincibility=STEGE=1
Invincibility=STEGE=2
Invincibility=STEGE=3
Invincibility=STEGE=4
Invincibility=STEGE=5
Invincibility=STEGE=6
Invincibility=STEGE=7
Invincibl-2-(mc)
Invincible
Invincible ( No Attacks )
Invincible + Inf-Jumps-Inf-HP-Arrows
Invincible Mode 1
Invincible Mode 2
Invincible ON
Invincible P1
Invincible Player (Chris - Not A Hero)
Invincible Player (Ethan/Mia/Clancy)
Invincible Player (Joe - End of Zoe)
Invincible Player (No Damage)
Invincible Sonic 1 + 2
Invincible Sonic 3
Invincible Sonic CD
Invincible cant be hit
Invincible+power=no-Weapon
Invincible-(MC)
Invincible-(mc)
Invincible-1-(MC)
Invincible-1-(mc)
Invincible-1-DEAD
Invincible-1-DEAD-(MC)
Invincible-1-HIT
Invincible-2-(MC)
Invincible-ARCADE-Mode
Invincible-DO NOT-USE-BOMB
Invincible-Hands-Fight-(mc)
Invincible-P1
Invincible-STORY-Mode
Invincible-for-attack
Invincible-full
Invincible-one-on-dont-off
Invincible|Story Mode
Invisible (Run Disable / Turn off before entering Room)
Invisible Regina
Invulnerable
Invulnerable (enemy only, not on traps)
Invulnerable Enemys
IsNoArtsPointConsume（需要“加载中”）
Island Terminal Power Skip
Isuzu Sports Classics Codes
Italian Showroom Codes
Item &quot;After Used&quot;
Item 10x On Use
Item 99
Item 999 On Get
Item ID modifier
Item Smasher (1000)
Item Storage: Infinite Items
Item Storage: Max Items
Item Transumter Max Level
Item World Add 10,000 Levels ~Do Not Enable With Other Levels~
Item World Add 100 Levels ~Do Not Enable With Other Levels~
Item World Add 1000 Levels ~Do Not Enable With Other Levels~
Item: Bell (Block Repair)
Item: Bible
Item: Dark Block
Item: Energy Drink (Double Jump)
Item: Invisibility
Item: Power Drink (Triple Jump)
Item: Shield?
Item: White 3x3
ItemEditor (L2=PrevID / R2=NextID)
ItemEditor（L2=上一项ID / R2=下一项ID）
Items (on consume buggy in shortcut for healing and torches)
Items 99
Items 9999
Items do not decrease Coins is included
Items have no Weight
Items increase on consume
Items swap 1st Aid Spray on Get or Move
Items x20 (on use)
Items x90 (On use/get/buy)
Items x99
Items x99 (Need 2 to work)
Items/Craftables/consumables/thrwoables never decrease (Need 2 or more)
Itens Infinito
Itens Infinitos
Izuzu Race Events Codes
Izuzu 赛事代码
Japanese 70's Classics Codes
Japanese 80's Classics Codes
Japanese 90's Challenge Codes
Japanese Championship Codes
Japanese Compact Cup Codes
Japanese Events Codes
Japanese Showroom Codes
Jason Inf Skill Time
Jason Instant All Skills
Jason Instent Rage
Jason Instent Skill Colldown
Job Exp Multiplier (Master Code)
Job points 99 use / level up
Journey Menu
Jump Height Multiplier (Master Code)
Jump Height Reset MC
Jump Height x 2 Multiplier [ Player ]
Jump High
Jump Master Code
Jump Multiplier x 1 [ MC ]
Jump Multiplier x 2 [ MC ]
Jump Multiplier x 3 [ MC ]
Jump Multiplier x 4 [ MC ]
Jump Vector
Jump-In-Midair-Store-x
Jump-in-Midair
JustGotenks的一击必杀
KP的用地增值
Kampf skip Punkte
Kamura points
Kamuro of the Dead: Infinite Ammo
Kamuro of the Dead: Infinite Health
Kamuro of the Dead: Max Score
Karmic Streak Always Available
Katana Feint: Always available
Katana Slash: Always available
Katana: No Blood Cost
Katana: No Cooldown
Keep Items (on use|craft)
Keep items (on use | craft)
Keep spear count
Kendo Master| Double ATK
Ketchup
Keycard Doors always open
Keys x99
Ki Infinito
Kill All
Kill All Instantly (all area)
Kill Enemies Quicker
Kill Everybody Around (L3 + L2)
Kill all Enemies [ MC ]
Kill all Enemies in Stage ( Reboot Ally after use !!! )
Kill to Max Weapons Proficiency
Kill to Max Weapons/Armour Familiarity
Kimetsu Points
Kingdom Key
Kinsect Stamina (Insect Glaive)
Knack 2
Knife Keeper
Knifes Instant Cooldown
Ko count easy max
Koco round up Infinite timer
Koi-Koi: Max Points
Korean Showroom Codes
Kunio (MC)
Kunio（MC）
Kyoko (MC)
L3 + Upper L or Upper R Touch Pad
LMN 提供的工艺材料信息
LMN 的《无限管道炸弹》
LTCG-BioGame.elf
LUMS X10
La Festa Italiano Codes
Lady Instant Charge Shot
Lagometer
Laguna Seca 200 Miles
Landflix Odyssey
Late Night
LaunchOrbis.elf
Left Body
Left Leg
Left head
Legends Of The Silver Arrow Codes
Level 3 Spirit Gauge (Longsword)
Level UP
Level Unlocker
Level Up On gain XP
Level, Street Credits, Skills XP (Must be enabled first)
License A-1 Gold
License A-2 Gold
License A-3 Gold
License A-4 Gold
License A-5 Gold
License A-6 Gold
License A-7 Gold
License A-8 Gold
License B-1 Gold
License B-2 Gold
License B-3 Gold
License B-4 Gold
License B-5 Gold
License B-6 Gold
License B-7 Gold
License B-8 Gold
License Ia-1 Gold
License Ia-2 Gold
License Ia-3 Gold
License Ia-4 Gold
License Ia-5 Gold
License Ia-6 Gold
License Ia-7 Gold
License Ia-8 Gold
License Ib-1 Gold
License Ib-2 Gold
License Ib-3 Gold
License Ib-4 Gold
License Ib-5 Gold
License Ib-6 Gold
License Ib-7 Gold
License Ib-8 Gold
Life
Lifeforce Inf Lives P1
Lightweight Cup Codes
Like The Wind (All Gold Trophies)
Like The Wind Codes
Live-Chat: Infinite Points
Live-Chat: Infinite Time
Live-Chat: Max Points on Buy
Live-Chat: Max Score
Load Location [ MC ]
Load Position [ MC ]
Location Save - Load Mastercode ( must be activate )
Lock Item (buggy)
Lockpicking: Infinite Time
Lockpicking: Instant Pick
Longsword spirit gauge
Lot Of Boatman Coins (Disable After Use)
Lot Of CP Points
Lot Of Infinite Money On First Buy
Lot Of KP On Gain
Lot Of Money (Buy On Refill Inventory N Turn Off)
Lot Of Money On Gain (Disable After Use)
Lot Of Perk Points On Use
Lots Of EXP
Lots Of EXP | x15.000 Per Battle
Lots Of EXP| 2000 Per Kill
Lots Of EXP| x15.000 Points Per Kill
Lots Of Items And Materials on Buy/Sell/Use/Gain
Lotus Classics Codes
Lotus Classics 代码
Lotus Race Events Codes
Lotus 赛事代码
Low Gravity
Low Temperature (DShK 12.7mm Machinegun)
Lucidity: No Dec. + Max (Buy)
Lucidity: No Dec. + Max (Get)
Lupo Cup Codes
Luz Infinita
M4步枪
MAGNOLIA.elf
MASTER CODE for god mode and honor always max
MAX + All-Items + Inf-(999)
MAX + In-Ammo-999
MAX + Inf Health
MAX + Inf-CREDITS
MAX + Inf-SHELD
MAX ATB
MAX Agility after used
MAX BUCKS
MAX COINS ON PICKUP / SHOP
MAX DEMON FANGS ON PICK UP
MAX EXPERIENCE
MAX Gold (on buy)
MAX Honor updated(set honor to max one time, do an honor related task to see the difference)
MAX LVL/EXP
MAX XP
MAX XP (On Kill)
MAX XP/legend/inhibitators on get
MAX money on get or use
MAX orbs on get/ when you get Max for all Orbs Stop it
MAX science Points on get or use
MAX+Inf-AMMO+MAX+Inf-Medkit-(MC)
MAX-AMMO-2
MAX-All-Items
MAX-All-Items-(MC)
MAX-All-items-(9999)
MAX-All-items-AMMO-Medkit
MAX-Ammo
MAX-BP+Inf-money
MAX-Blue-Orbs-(MC)
MAX-Blue-Orbs-(mc)
MAX-Bolts
MAX-CASH-money
MAX-CR-Points-STORY-Mode-1-buy
MAX-Coins
MAX-Coins-999999
MAX-Cost-GOLD + INF-99999-(mc)
MAX-EXP
MAX-GOLD
MAX-GOLD-(MC)
MAX-GOLD-All-Items-Weapon-(mc)
MAX-GOLD-money
MAX-Level-99-+one-Hit-Kill
MAX-Points-1-buy
MAX-SCORE
MAX-SOULS-(9999999)
MAX-Sait-(MC)
MAX-Skill-Points
MAX-SkillS-Points
MAX-SkillS-Points-(MC)
MAX-Skills-points
MAX-Skull-(mc)
MAX-Souls
MAX-Souls-1-(MC)
MAX-Souls-2-(MC)
MAX-Souls-99
MAX-cash
MAX-coins-(mc)
MAX-coins-MC
MAX-crystals-Fragments
MAX-items
MAX-items-Sword-Power-Gear-0x99
MAX-keys-MC
MAX-lives
MAX-lives + Infinite
MAX-lives-1-DEAD-99-(MC)
MAX-lives-99
MAX-lives-999
MAX-money
MAX-money-(MC)
MAX-money-1-buy
MAXTAC特警队
MERCENARIES MODE CHEATS
MG Festival Codes
MG Festival 兑换码
MG Race Events Codes
MG 赛事代码
MLB 17：The Show
MP Charge Disabled
MP不消耗
MR Challenge Codes
MaX XP (use it for one kill then turn it off)
Machine 'Crazy-Horse' Gun
Magia Especial Infinita
Magic Find (Legendary Drops / Req level 11)
Magnum 左轮手枪（激活/进入/停用）
Make All Shots Hold R2
Make Character Size To Large
Make Character Size To Medium
Make Character Size To Small
Make Most Shots Hold Left Dpad
Mana Infinita
Mana OHK (Works in Tutorial)
Manual Weapon Rapid Fire
March Brothers Codes
Mask: Infinite Filter
Mask: Infinite Filter Replacements
Mask: Unbreakable
Mass Effect 1 - Health Master Code (Must be enabled ALL THE TIME after launching ME-1)
Mass Effect 2 - Health Master Code (Must be enabled ALL THE TIME after launching ME-2)
Mass Effect 3 - Master Code (Must be enabled ALL THE TIME after launching ME3)
Master Code
Master Code (Enable First)
Master Code (Enable this first!)
Master Code (Must always be enabled)
Master Code (Must be enabled ALL THE TIME)
Master Code (Must be enabled all the time)
Master Code (Must be enabled first &amp; all the time)
Master Code (Must be enabled first + all the time)
Master Code (Must be enabled first and all the time)
Master Code - Must be enabled first and always remain active
Master Code Archetype ID Modifier
Master Code Date
Master Code Daytime
Master Code Demon ID Modifier
Master Code Exp Demon
Master Code Exp Player
Master Code Infinite Health
Master Code Infinite Skill usage (turn off when gliding)
Master Code Item id modifier
Master Code Persona id (skin)
Master Code Speed Hack and Super Sprints D-PAD activate first before any other cheat
Master Code for Body
Master Code for Left Leg
Master Code for Monster Lair/monster world III/IV
Master Code for Right Leg
Master Codes (Must be enabled!)
Master Codes - Must always enable
Master Switch (Must be enabled first)
Master Switch (enable this first)
Master [DEU]
Master code
Master 密码 v4.1（必须先激活）
MasterCode
MasterCode For Stamina
MasterCode1
MasterCode2
Mastercode ( must be activate for [ MC ] Cheats )
Mastercode ( must be activated )
Mastercode ( must be activated for [ MC ] Cheats )
Mastercode ( must be enable for MC Cheats )
Mastercode Gems ( must be activated [ MC ] Cheats
Mastercode Health ( must be activated )
Mastercode Health - One Hit Kill ( must be activated )
Mastercode Health - Stamina ( must be activated )
Mastercode Health / Shield ( must be activated )
Mastercode Lamp Selection [ MC ]
Mastercode Money - XP ( must be activate )
Mastercode Player: V - Zone ( must be activated )
Mastercode Player：V - 毒圈（必须激活）
Mastercode Save - Load Position ( must be activate )
Mastercode Shield (  must be activated )
Mastercode Stamina ( must be activated )
Mastercode Timer ( must be activated for [ MC ] Cheats )
Mastercode Timer Settings ( must be activated for [ MC ] Cheats )
Mastercode Weapon ( must be activated for [ MC ] Cheats )
Mastercode [ Must be enabled for MC Cheats ]
Mastercode [ must be enabled for MC Cheats ]
Mastercode: Infinite Items Time ( after use )
Max &amp;  Inf  HP | Vaan
Max + Infinite-Nuts
Max A Spec Points Codes
Max ABI &quot;After Digivolve Or De-Digivolve&quot;
Max AP on Spend
Max ATB Gauge
Max ATK &quot;After Level Up&quot;
Max Abilities ( if available )
Max Ability Points
Max Access Cards ( on gain - use )
Max Accolades (On Buy)
Max Accuracy
Max Ace Points ( on gain )
Max Action Points
Max Adam
Max Adam (on spend/get)
Max Affinity
Max Affinity/Stats - All Spirits~Bond With Spirit~
Max African Peach
Max Agility LVL on Gain
Max Agility When Changed
Max All Character Levels
Max All Current Materials
Max All Equipped Materias Levels
Max All Followers
Max All Inventory Items
Max All Weapon Star Level
Max All currency (Yen/Akame/Circuit)
Max Ammo
Max Ammo ( No Reload )
Max Ammo ( Primary )
Max Ammo ( Secondary )
Max Ammo ( Weapon down )
Max Ammo ( Weapon right )
Max Ammo ( Weapon up )
Max Ammo ( on Reload )
Max Ammo ( on gain )
Max Ammo ( on use )
Max Ammo + No Reload
Max Ammo + Rapid Fire
Max Ammo Clip
Max Ammo Clip Riffle
Max Ammo Items
Max Ammo Pistol
Max Ammo Pistol Clip
Max Ammo Riffle
Max Ammo [ MC ]
Max Ammo on Pick
Max Ammo on Reload
Max Ammo on Shot
Max Ammo/Consumables/Fibers On Pick
Max Ammo/Items
Max Ammo/Items on Get
Max Amor
Max Amrita on Use
Max Amrita/Gold
Max Ancestral Amulets (Disable after use)
Max Anima ( Job Menu - you need one )
Max Anima, Maginit ( Items Inventory - you need one )
Max Ap ~After Battle~
Max Apocalypse Flask
Max Archetype Bonus Stats
Max Armor
Max Armor (Mission)
Max Armor Upgrades [Have to open each classes Armor screen]
Max Arrow Score (Get Arrow Kill)
Max Arrows
Max Arrows Per Shot (5)
Max Arsenal Keys ( on gain - use )
Max Aspiration Points -Load Your House-
Max Asthma Injections ( on use )
Max Astral Timer
Max Athra surge charge (1 Hit)
Max Attack
Max Attack Stats
Max Attack Value
Max Attack [ MC ]
Max Attribute Points
Max Attribute Points (Activate/Spend 1/Exit/Enter)
Max Attributes
Max Awakening Rumble Gauge after 1 hit
Max Axe
Max Axions ( on gain - use )
Max BP On Gain
Max BP on Gain
Max BP on Get
Max Ballons
Max Bandage
Max Batteries
Max Battery
Max Beacons (on get)
Max Benchmarks
Max Berry on Get
Max Big Medicine Pack [ MC ]
Max Biological Material
Max Bits
Max Black Carrot
Max Black Medallion Heal
Max Blind Boxes ( on use )
Max Blood (on get)
Max Blood on Get
Max Blue Gems [ Combat - on gain ] [ MC ]
Max Blue Gems [ Tim Isle - on use ] [ MC ]
Max Blue Hearts
Max Blue Lightning ( on gain )
Max Blue Orbs ( Shop - on buy )
Max Blue seeds (on get)
Max Bolts / Raritanium / Gold Bolts On Pickup
Max Bond Level On Gain| All In Party
Max Bonus Points on Use
Max Booster
Max Bosco Revives
Max Bosco Rockets
Max Bottle Caps On Trade
Max Bow
Max Bow Skill Stats
Max Box Items
Max Boxen
Max Boxes
Max Boxes When Get
Max Bravery and Accuracy (Otago)
Max Brawler Orbs
Max Breath
Max Budget (after Buying a player)
Max Budget (after buying a Player)
Max Budget (after selling Players)
Max Budget When buying Player
Max Bugfrag (battle network 3)
Max Building Durability
Max Buildings Requirements Money ( on use )
Max CAM &quot;After Battle&quot;
Max CP
Max CP After Level-Up (USE IT ALONE)
Max CP In Battle | Don't Use With Max EP
Max CP on LevelUp
Max Callisto Credits
Max Cam &quot;After Battle&quot;
Max Candy
Max Canister [ on gain - MC ]
Max Career Points
Max Cargo (On Spend)
Max Cash
Max Cash (on buy)
Max Cash (on get 2 at least)
Max Cash (on get turn off items cheat first)
Max Cash (on get)
Max Cash (on spend)
Max Cash (on spend/get)
Max Cash Open Game Menu
Max Chain
Max Chain Hit
Max ChainCounter
Max Chaos (1 Hit)
Max Character Creation ~Add Points To Stats Points Will Show 0~
Max Character Level
Max Cheer Call Gauge
Max Chips
Max Chiral Crystals (on pick up)
Max Clan Rank Points
Max Clip Ammo
Max Coins
Max Coins ( Museum )
Max Coins ( on buy / sell )
Max Coins ( on gain )
Max Coins (99999) Disable To Earn More
Max Coins (9999999)
Max Coins (On sell)
Max Coins (on buy)
Max Coins (on gain)
Max Coins (on get)
Max Coins (on get/buy/sell)
Max Coins(on pick up)
Max Cokiajs
Max Col on Use
Max Collectable Slots
Max Color Score
Max Combo
Max Combo (MC)
Max Combo (on gain)
Max Combo Points ( on gain )
Max Common Metal
Max Cons (on get activate and kill monsters)
Max Consumables On Use
Max Consumables on Gain/Use
Max Consumables/Cristals/Igredients/Tokens On Buy/Pick/Sell (x2 To Work)
Max Consumables/Weapons/Minerals/Materials
Max Cookies
Max Costumes + All Costumes Unlocker
Max Crafting Points
Max Crafting Stock
Max Credits
Max Credits ( on gain )
Max Credits (99999) + (MC)
Max Credits (on buy)
Max Credits on Buy/Sell
Max Credits/Resources/Research Points
Max Crew Gauge
Max Crimson/Cobalt tears on get
Max Crystals
Max Crystals(on buy only activate in the shops)
Max Cubes
Max Cure Gem
Max Currencies (Read Description)
Max Currencies (on get)
Max Current Money on Use
Max DEF &quot;After Level Up&quot;
Max DUMA points (on gain)
Max Damage ( Police Cars )
Max Damage Cars
Max Damage-Multiplicator
Max Dance Battle Points
Max Data Disk
Max Days
Max Dead Eye On Use
Max Death Blown after 1 hit
Max Decks [ on gain - MC ]
Max Defeated Opponents
Max Defense
Max Defense Stats
Max Defense [ MC ]
Max Demon Fangs On Gain
Max Demon Gauge (Dual Blade)
Max Denar [ MC ]
Max Dew Currency [ MC ]
Max Diamanten
Max Diamonds, Medails, Tickets ( on gain )
Max Digitalis Lutea
Max Digitalis Purpurea
Max Dindi (999)
Max Discipline on Spend
Max Divine Gold
Max Divine Seed [ MC ]
Max Ducats (on buy/sell)
Max EM Coil
Max EMP Grenades
Max EN Points on Spend
Max EP On Use | Don't Use With Max CP
Max EXP on Kill
Max EXP/LvL 49
Max EXP/LvL 49+
Max EXP/PP on Gain
Max Eat [ MC ]
Max Eggs [ Hidden World - on Map ]
Max Embers (on collect)
Max Endurance When Changed
Max Energy
Max Energy Cell
Max Enhanced Ammo
Max Enigma Codes/Upgrades on Use
Max Ergo
Max Ergo ( on gain )
Max Eridium Points on Use
Max Exchange Items (in spend)
Max Exp
Max Exp (Max 35 Level ) Get by kill 1 enemy
Max Exp After Get
Max Exp On Gain
Max Exp Rank Archetype
Max Exp Social Link
Max Exp/Level
Max Experience
Max Experience (M) (the game will freeze turn it off to take effect)
Max Experience (Summoners)
Max Experience (activate once)
Max Experience (at the end of battle)
Max Experience (main hero)
Max Experience (on 2nd kill)
Max Experience gained
Max Experience/Coins (kill an enemy go to map activate cheat restart game)
Max Experience/Score (on the second fight Turn off after)
Max Experience/gives max Stats possible/AP
Max F&amp;E Skills Points
Max Fabricant (on spend)
Max Faith When Changed
Max Fatality Koins + Skip Koins
Max Fats
Max Feathers [ on Map ]
Max Fiches and Money after spent
Max First Aid Kits ( on use )
Max First Aid [ MC ]
Max Fish Token (on get)
Max Flame Ammo
Max Flare + Grenades
Max Floppy Disks (on use)
Max Focus
Max Follower
Max Followers After Missions
Max Followers on 2nd Gain
Max Food
Max Frenzy (Hit Enemy)
Max Frenzy Mode after 1 hit
Max Friendship
Max Fuel Resources
Max Fund
Max Fury (By Earning Points)
Max Fury R3+L2 On R3+R2 Off
Max GIL
Max GMP
Max GMP (5000000)
Max GOLD
Max GP
Max Gald (on buy)
Max Gears ( on buy / dissamble )
Max Gems
Max Genuine Qi
Max Gil
Max Gil (when Buying)
Max Gil On Buy
Max Gil On Buy/Sell
Max Gil on Get
Max Glory on Trade
Max Goddess Statue Shard
Max Gold
Max Gold (Enter The Store To Activate)
Max Gold (On Spend)
Max Gold (On sell)
Max Gold / Gears (On Spend)
Max Gold On Buy
Max Gold On Gain
Max Gold On Gain| Battle
Max Gold On Spend
Max Gold [ MC - Hard Mode ]
Max Gold [ MC - Normal Mode ]
Max Gold after Shop and Max Items after Smith
Max Gold on Buy (Raid Mode)
Max Gold on Gain (Zombies mode)
Max Gold on Get
Max Gold on Spend
Max Gold(on get)
Max Gold/Items/Resources on Crafting/Usage
Max Golden Crescent
Max Golden Cube
Max Grenades
Max Grenades ( on use )
Max Grenades on Use
Max Griffa Tokens On Gain**
Max Guard Gauge (1P/2P Left Side) Master Code 2
Max Guard Gauge (1P/2P Right Side) Need MC 2
Max Gunman Orbs
Max HP
Max Halos Earned Max Halos Must Be On
Max Handgun Score (Get Handgun Kill)
Max Haoma
Max Headshots In-Game
Max Health
Max Health 9999 (MC)
Max Health Capacity
Max Health Node
Max Health Stats
Max Health [ MC ]
Max Health/Fervor/Blood Penitence On Use
Max Hearts
Max Hearts - Battery ( on gain )
Max Hearts/Koco (on get claim 2 )
Max Heat
Max Helmet
Max Hp
Max Hp &quot;After Level Up&quot;
Max Hp//MP ~After Level Up~
Max Humanity on Use
Max INF Ammo
Max INF HP
Max INT &quot;After Level Up&quot;
Max Inf 7th Sense 1P
Max Inf ATB
Max Inf Ammo
Max Inf Ammo Insta Refil
Max Inf Ammo Items
Max Inf Ammo on Reload
Max Inf Ammo_Inf Items_Crafting
Max Inf Canteen
Max Inf Cash
Max Inf Devil Trigger
Max Inf Eridium
Max Inf Fuel
Max Inf Fury
Max Inf Gil
Max Inf Gold
Max Inf Golden keys
Max Inf Grenade on Use
Max Inf HP
Max Inf HP + 1 Hit Kill
Max Inf HP\Shield
Max Inf Halos
Max Inf Items
Max Inf Items (on Get and Use)
Max Inf Limit
Max Inf MP
Max Inf Money
Max Inf Nitrous
Max Inf OverDirve
Max Inf Power Bar on Hit 1P
Max Inf Project Points
Max Inf Proud Souls
Max Inf Red Orbs
Max Inf Resources on Gain
Max Inf Scraps
Max Inf Skills Points
Max Inf Souls
Max Inf. Gold Coins
Max Infinite AP/1 Hit Kill (Master Code)
Max Infinite AP/1 Hit Kill (Master Code/Must Be On)
Max Infinite Health
Max Infinite Items
Max Infinite Money(Buy Or Sell) Turn Off Before New Camp
Max Infinite Oxygen
Max Infinite Potion Duration
Max Infinite Rots/Level On Gain
Max Infinite Shards (Open Inventory)
Max Infinite Skill Points (3)
Max Infinite Souls
Max Infinite Spell Uses
Max Infinite Wrath
Max Ingredients On Use
Max Insta lvl Up
Max Intel (on spend)
Max Intuition
Max Inventory
Max Iron (on spend and gain)
Max Iron Bars (on get)
Max Iron on Get
Max Item
Max Item &quot;Open Storage Move 1 Item&quot;
Max Item (on get|buy|craft)
Max Item Box Codes\Slot 1
Max Item Box Codes\Slot 10
Max Item Box Codes\Slot 2
Max Item Box Codes\Slot 3
Max Item Box Codes\Slot 4
Max Item Box Codes\Slot 5
Max Item Box Codes\Slot 6
Max Item Box Codes\Slot 7
Max Item Box Codes\Slot 8
Max Item Box Codes\Slot 9
Max Item Count (on use/combine/reload)
Max Item Points &quot;Item World&quot;
Max Item When Used
Max Item World Exchange Points
Max Item on Buy (Back Out to See)
Max Item on Use
Max Item+Ammo  (on use)
Max Items
Max Items &quot;After Buy/Use&quot;
Max Items &quot;After Buy/Use/Sell&quot;
Max Items ( Produce - Seafood - Materials )
Max Items ( Warehouse )
Max Items ( after buy )
Max Items ( collect 2 )
Max Items ( on buy )
Max Items ( on gain )
Max Items ( on gain - need 2 )
Max Items ( on gain - use )
Max Items ( on gain or use )
Max Items ( on use )
Max Items (Don't Decrease)
Max Items (Get Items First/Reload Game)
Max Items (Inventory)
Max Items (On Use, Move)
Max Items (Storage)
Max Items (Use, Move, Drop)
Max Items (Warehouse)
Max Items (get)
Max Items (on pick up)
Max Items / Ammo
Max Items And Materials On Use/Sell
Max Items In Storage Box
Max Items Medical Items on Get
Max Items On Buy
Max Items On Buy/Gain
Max Items On Gain (Disable To Keep Money At Max Or Don't Take It)
Max Items On Gain (x2 To Work)
Max Items On Get
Max Items On Pick Up (x2 To Work)
Max Items On Pickup-Must Have 1
Max Items On Sell |Shops
Max Items On Take
Max Items On Use
Max Items On Use..Pick..Move
Max Items On use (disable when reading maps or wanted papers)
Max Items [ MC ]
Max Items [ Quick Slot ]
Max Items and Ammo On Use or Gain
Max Items and Money On Use/Sell/Buy
Max Items for Collection Quests
Max Items on 2nd Pick
Max Items on Buy When Refreshed
Max Items on Combine
Max Items on Combine/Get
Max Items on Gain/Use
Max Items on Get
Max Items on Move
Max Items on Move (Storage)
Max Items on Pickup/Use
Max Items on Sell
Max Items on Use
Max Items on Use/Sell| Turn Off When Done
Max Items on get
Max Items on move from Storage
Max Items on use
Max Items x99-Must Have 1
Max Items | Battle
Max Items ~Gain 2 Of The Same~
Max Items ~Go To Any Shop~
Max Items ~When Crafting~
Max Items ~When Gathering~
Max Items ~When Picked Up~
Max Items ~When Placing Items Down~
Max Items ~When Thrown~
Max Items/Accessories ~Buy 1 Potion~ ~Do Not Use With Have All Weapons~
Max Items/Gems (on Gain and use)
Max Items/Loot/Accessories | On Buy/Sell/Gain/Use
Max Items/Quratz/Event/Ingredients On Use or Sell
Max Items/Resources
Max Items/Resources on Get
Max Items/Talent/Attribute points
Max Items/XP on Get
Max Itemslots on Get
Max JDA Ticket (on claim have 2)
Max Job Points ( on use )
Max Jukebox Coins
Max KO Points ( on gain )
Max Karma On Gain
Max Keys
Max Kills
Max Kills In-Game
Max Kills on 2nd Kill
Max Knowledge
Max Koins
Max Koins/XP/Levels
Max Kraft Energy
Max Krypt Koins
Max Kudosh ( on gain )
Max LB On Gain
Max LP On Spend
Max LVL on LVL Up
Max LVL/ EXP
Max LVL/EXP on Gain
Max Leben
Max Legend LVL on Unlock
Max Legendary
Max Legion [ MC ]
Max Lei
Max Level
Max Level ( after 1st successful task )
Max Level ( on gain )
Max Level After Battle
Max Level True Hero
Max Level UP after one Kill
Max Level Up/XP On Gain
Max Level on 2nd XP Gain
Max Level on LevelUp
Max Level | Kill  Few Monsters
Max Level,Gold,Skill points, upgrade items
Max LevelUp/XP On Gain
Max Light Batteries
Max Liquid Nitrogen
Max Live ( on gain / lose )
Max Lives
Max Lives ( after Die )
Max Lives ( on gain - lose )
Max Lives ( on gain / lose )
Max Lives Sonic 1 [ MC ]
Max Lives Sonic 2 [ MC ]
Max Lives Sonic 3 ( Classic Mode )
Max Lives Sonic CD [ MC ]
Max Lottery Tickets
Max Luck
Max Luck When Changed
Max Lucre
Max Lv when get xp
Max LvL/EXP
Max Lvl
Max Lvl/Exp
Max MAG
Max MP
Max MP [ MC ]
Max MSP
Max Macrons ( Shop - on buy )
Max Mag + No Reload
Max Magic Crystalls on Get
Max Magnetite [ MC - Hard Mode ]
Max Magnetite [ MC - Normal Mode ]
Max Mana (After 1 Kill)
Max Mana Attack Value
Max Mana ~Use Skill Shop~
Max Manuscripts On Spend
Max Marian/Skillpoints/Jewels on Get
Max Marks Of Martyrdom/Tears
Max Materials (on spend)
Max Materials _ Xenosample on spend
Max Materials on Sell
Max Materials/food/potions (on gather turn off when buying)
Max Med Use Amount on Gain
Max Medailles
Max Medals at the end of the act
Max Medals on Get
Max Medals on Use
Max Medi Packs ( on use )
Max Medipacks ( on use )
Max Meomry Ambers/Mote
Max Mineral
Max Mines on Use
Max Minor Metal
Max Mira (on spend)
Max Mirage Medals
Max Missiles / Warheads ( you need 1 )
Max Mission Red Orbs Pick One at Least
Max Money
Max Money  &quot;After Buy&quot;
Max Money &amp; SP
Max Money &quot;After Battle&quot;
Max Money ( on gain )
Max Money (On Pick)
Max Money (on Spend)
Max Money (on buy)
Max Money (on selling)
Max Money - Items
Max Money - 金钱最大
Max Money / Items On Pickup
Max Money Campaign [ MC ]
Max Money On Buy/Sell
Max Money On Gain
Max Money On Get (Disable after use)
Max Money On Sell
Max Money On Sell (Sell N Disable)
Max Money On Sell/Buy
Max Money On Spend
Max Money Points ( on gain )
Max Money [ MC - Hard Mode ]
Max Money [ MC - Normal Mode ]
Max Money and Skill points
Max Money on Buy
Max Money on Buy/Sell
Max Money on Gain
Max Money on Gain/Use
Max Money on Get
Max Money on Pick
Max Money on Pickup
Max Money on Purchase
Max Money on Spend
Max Money on buy
Max Money on use
Max Money ~After Buy or Sell~
Max Money ~After Buy~
Max Money ~Go To Any Shop~
Max Money ~Pick up/Sell~
Max Money(buy or Sell)
Max Money, CP on Use
Max Money, Skillpoints / Easy Completition
Max Money, Skillpoints, Easy Completition
Max Money/Ammo/Consumables/Ship Ammo (On Use)
Max Money/Items on Get
Max Money/Items on Pick
Max Money/Pts/Rings On Spend/Gain
Max Money/Resources
Max Money/Runes on gain (x2 Runes To Work)
Max Money/Tokens
Max Moogle Medals On Spend | Turn Off When You're Done
Max Moogle Points ~Sell 1 Card~
Max Moral
Max Morale
Max Munny
Max Munny~Buy Anything~
Max Music Notes
Max Mutagens
Max Mutation (use once)
Max Nanites ( Enable Stamina Cheat)
Max Nanites - On Gain
Max Number of Steps
Max Nycrux (on get)
Max Nycrux On Gain
Max Off Hand ATK
Max Orbs (999) On Spend
Max Orbs on Spend
Max Overcharge on Pickup
Max Oxygen [ MC ]
Max Party Level
Max Passive Level
Max Performance
Max Perks
Max Perks ( on use )
Max Phial (Charge Blade)
Max Photo PP Score
Max Pirate Points
Max Plant Seeds
Max Player EXP
Max Player HP
Max Player Level [ MC ]
Max Player Score
Max Player Skill Points
Max Player Troops
Max Player XP Level
Max PlayerStats
Max Points For Mercenaries (Enable/Kill/Disable To Earn More)
Max Points on Gain/Spend
Max Points on Spend
Max Points on Use (Back Out to See)
Max Potion
Max Potions on Use
Max Power Gauge (1P/2P Left Side) Master Code 1
Max Power Gauge (1P/2P Right Side) Need MC 1
Max Power Gem
Max Power LVL on Gain
Max Power Points
Max Power Up ( on gain )
Max Precious Gem On Pickup
Max Precious Metal
Max Premium-Z Coins on Use
Max Proficiency LVL on Gain
Max Project Points
Max Protein
Max Punkte (wenn man welche bekommmt)
Max Pup Bones ~Grab One~
Max Purple Coins (on get)
Max Purple Gems [ Combat - on gain ] [ MC ]
Max Purple Gems [ Tim Isle - on use ] [ MC ]
Max Purple Shards (on spent in the Corridor)
Max Quicksliver - On Gain
Max RC on Spend
Max Races Won With No Losses
Max Rainbow Gems [ Combat - on gain ] [ MC ]
Max Rainbow Gems [ Tim Isle - on use ] [ MC ]
Max Red Gems [ Combat - on gain ] [ MC ]
Max Red Gems [ Tim Isle - on use ] [ MC ]
Max Red Hearts
Max Relics on Pickup/Sell/Use
Max Rep Points
Max Repair Points
Max Repair Points ( on use )
Max Reputation ( on gain )
Max Reputation Level
Max Reputation Points
Max Resistance
Max Resistance ( Ice )
Max Resistance ( Poison )
Max Resource (On Get)
Max Resource (on get)
Max Resource / XP
Max Resources
Max Resources On Gain
Max Resources On Use
Max Resources on Get
Max Resources on Pick
Max Resources/Consumables/Upgrade Materials/Trade Goods (On Get)
Max Ressources
Max Ressources + Shoots
Max Revives In-Game
Max Rifle Score (Get Rifle Kill)
Max Rift Points ( on gain )
Max Rings Sonic 1 + 2
Max Rings Sonic 2 ( Special Stage )
Max Rings Sonic 3
Max Rings Sonic CD
Max Rings Sonic CD ( Special Stage )
Max Rings on hit
Max Rocks (on gather)
Max Room Prestige
Max Rosary Beads - On Pickup
Max Roses
Max Royal Virtues
Max Rupies (on sell)
Max SP
Max SP &quot;After Gain&quot;
Max SP On Spend
Max SP Slots On Hit
Max SP on Pickup
Max SP on Spend
Max SP/PP when Reset
Max SPD &quot;After Level Up&quot;
Max Safe saving when depositing
Max Salt on Pickup
Max Score
Max Score ( Level )
Max Score ( on gain )
Max Score (99999999)
Max Score (Zombies)
Max Score (at training )
Max Score (in Training) (Journey Mode)
Max Score Mercenaries
Max Score Multiplier
Max Score On 1 Hit
Max Score On Gain
Max Score Sonic 1 [ MC ]
Max Score Sonic 2 [ MC ]
Max Score Sonic 3
Max Score Sonic CD [ MC ]
Max Score Wood Chooping
Max Score [ER - Challenges] ( on gain )
Max Score after 1 Kill (Do not use with other cheats)
Max Score challenge Tombs
Max Score in Retro Game ( on gain )
Max Score on Gain
Max Score on Gain (3D Minigame)
Max Score ~GrandStander~
Max Scrap [ on gain - MC ]
Max Scrap on Spend (Nightmare)
Max Scrap on buy (turn off water cheat)
Max Scraps And Canteen
Max Scrip
Max Shards - On Buy
Max Shards On Gain/Sell
Max Shards on Buy
Max Shell Shards - On Pick Up
Max Shell Shards - On Pickup
Max Shield Generator
Max Shield Pack [ MC ]
Max Shogi - Mahjong
Max Shogi-Points on Get
Max Shotgun Score (Get Shotgun Kill)
Max Simoleon -Load Your House-
Max Sin (on spend and gain)
Max Skill Point
Max Skill Point (On Spend)
Max Skill Point ~After Use~
Max Skill Points
Max Skill Points ( on gain )
Max Skill Points (activate and die)
Max Skill Points (on use) - 使用后技能点拉满
Max Skill Points - Badass Tokens
Max Skill Points On Gain
Max Skill Points On Spend
Max Skill Points On Use
Max Skill Points on Spend
Max Skill Points on Use
Max Skill points
Max Skill points (on spend)
Max Skill points (on use) Journey Mode
Max Skill points(turn on in stats upgrade turn off and repeat)
Max Skillpoints
Max Skillpoints ( Disable One Hit Kill - on gain / use )
Max Skillpoints ( on use )
Max Skillpoints on Use
Max Skills
Max Skills Points after spent
Max Skills via Menu
Max Skulls
Max Small Medicine Pack [ MC ]
Max Social Points
Max Social Stats
Max Soul Points
Max Souls
Max Souls (on get)
Max Souls / Consumables (On Pick)
Max Souls on PickUp
Max Souls on Spend
Max Sp &quot;After Level Up&quot;
Max Special
Max Special Combo
Max Special Guage
Max Special Moves Gauge after 1 hit
Max Speed Stats
Max Spirit
Max Spirit Blade (Long Sword)
Max Spirit Blade Gauge (Longsword)
Max Stage Score
Max Stamina
Max Stamina - Air ????
Max Stamina [ MC ]
Max Star Rating
Max Stars
Max Stars (on collect)
Max Stars - [ Stage ]
Max Stars [ World Map ]
Max Stats
Max Stats &quot;After Level Up&quot;
Max Stats &quot;After Training&quot;
Max Stats V1
Max Stats ~After Level Up~
Max Stats ~Leave Area~
Max Stats ~Must Be Enable~
Max Stats ~Use Sphere Grid~
Max Stats/Rank on Item Change
Max Stats~Press Start~
Max Stock In Store ~Buy One Item To Have Max~
Max Stock Tools from Otago
Max Stones - [ Infinite Health ]
Max Strength When Changed
Max Studs ( on gain )
Max Sub Objective Counter ( on gain )
Max Supplies Codes (Regina)\Slot 1
Max Supplies Codes (Regina)\Slot 10
Max Supplies Codes (Regina)\Slot 2
Max Supplies Codes (Regina)\Slot 3
Max Supplies Codes (Regina)\Slot 4
Max Supplies Codes (Regina)\Slot 5
Max Supplies Codes (Regina)\Slot 6
Max Supplies Codes (Regina)\Slot 7
Max Supplies Codes (Regina)\Slot 8
Max Supplies Codes (Regina)\Slot 9
Max Survivor Rank on Gain
Max Swivel Ammo
Max Swivel 弹药
Max Sword
Max Sword level
Max SwordSkillConnection Damage (450%)
Max Swordsman Orbs
Max TP
Max TP &quot;After Use&quot;
Max TP on Spend
Max Tablets On Spend
Max Talent Points ( You need 1 ) [ MC ]
Max Talentpoints
Max Tarragon
Max Tears/Marks of Martyrdom
Max Tech - Scrap
Max Tech Points (on Spend)
Max Teensies
Max Tenacity
Max Tension On Hit
Max Tickets [ on Map ]
Max Timer
Max Timer Sonic CD ( Special Main Stage )
Max Timer [ Dojo Stage ]
Max Tokens
Max Total Earnings
Max Total Money on Use
Max Total Prize Credits
Max Total Score ( after Level finished )
Max Total Score After All Waves (Nightmare)
Max Tp
Max Trace &quot;After 1 Battle&quot;
Max Training Orbs
Max U Materials (on spend)
Max Uc on gain
Max Underworld Coliseum Cups Score
Max Undo
Max Union Gauge
Max Units - On Gain
Max Van XP
Max Vault Keys + Portal Gears ( use it first after Stage 1-2 )(collect 1 each At least)
Max Vehicle HP
Max Vergil Devil Trigger (by DreamRunner)
Max Virtue
Max Vital Injections
Max Vitality When Changed
Max WESN on gain
Max Waight 999999
Max Weapon Durability
Max Weapon Durability on Use
Max Weapon Familiarity
Max Weapon Pack [ MC ]
Max Weapon Proficiency
Max Weapon Stats ~Save After Enable Then Reload~
Max Weapons/Muscles/Stamina skill level
Max Weight ( after Upgrade )
Max Weight 99999
Max Weight Carrying
Max Wild Dancer Orbs
Max Wingdiver-Engery
Max Wiretaps/MarkersOnUse
Max Wodden Tags
Max Wood on Get
Max Woods (on gather)
Max World Dollar After Gaining
Max Wormwood
Max Wumpa When Get
Max Wumpa by hejran7
Max XP
Max XP ( after fisnish Level Stage )
Max XP ( on first Level Up )
Max XP ( on gain )
Max XP (Do Not Use In Valhalla)
Max XP (Use After Escaping Waltz)
Max XP (Win Battle)
Max XP (use once)
Max XP (use only once than turn off)
Max XP Campaign [ MC ]
Max XP Level
Max XP Level ( on gain )
Max XP On 2° Kill
Max XP On Gain
Max XP On Kill
Max XP and Level (OTU)
Max XP on Gain
Max XP on Gain (Get XP Twice for Unlocks)
Max XP on Get
Max XP/ Levels On Kill
Max XP/Hacksilver/Resources
Max XP/Level/Inhibitors (Use After Escaping Waltz)
Max XP/Levels
Max XP/Levels On Kill (DMC3)
Max XP/Levels/Perks (Enable After Level 3)
Max XP/Levels/Skill Points On Gain (Disable/Restart The Game)
Max XP/Money/Skillpoints on Get
Max Xp
Max Xp/level On Gain
Max YEN &quot;After Gained Or Used&quot;
Max Yellow Gems [ Combat - on gain ] [ MC ]
Max Yellow Gems [ Tim Isle - on use ] [ MC ]
Max Yellow Orbs
Max Yen (on buy)
Max Yen (on gain)
Max Yen On Gain
Max Yokai Shift Gauge
Max Yrd on Get
Max Yuld
Max Zen &quot;After Gained&quot;
Max Zeni
Max Zeni on Buy/Sell
Max Zeni on Spend
Max Zeni on Use
Max Zenny (battle Network 2)
Max Zennys (Battle Network 1)
Max Zennys (Battle Network 3)
Max all member base atk
Max all members base atk
Max all party exp
Max ammo/potions (on use)
Max and Infinite Ammo (NO RELOAD)
Max and Infinite Bow Arrows
Max and Infinite Rage when Get or Hit
Max and Infinite Rage when Transfer
Max and Infinite XP,HS,Crafting Materials When Get
Max and Infinite XP,HS,Resources When Get or Spend
Max and Infinite XP,HS,Resources When Get or Spend Includes Max Labours Resources When Get
Max and infinite arrow
Max base hp all members
Max character level
Max coins (on sell)
Max collected Harvest
Max combo
Max crit all members
Max currency/personality stats
Max driving Distance
Max durability
Max exp
Max exp persona
Max gems
Max golden tickets
Max infinite Resources (on spend on gadget and suits activate after the toturial)
Max infinite Resources (on spend on gadget and suits)
Max item on split
Max items (On use)
Max items (on gain)
Max items on sell in shop
Max items(turn on grabbing items and turn off to use items)
Max level
Max level (after 2nd fight)
Max link level
Max lvl 50^HP^MP
Max matrials and items on sell
Max money
Max money on Buy
Max on Pick: Money, Items, Credo Points
Max persona stats
Max red Seeds (On get)
Max red souls
Max rings (on Get)
Max rupies
Max sharpness
Max shop points
Max skill Points (on level up)
Max skill points
Max skill points (on spend have 2)
Max souls (on kill)
Max souls on gain
Max status
Max stun power all members
Max Äpfel
Max+ Inf  Items On Use
Max+ Inf Gold On Buy
Max+ Inf HP | Battle
Max+ Inf Items On Use
Max+ Inf Items/Components/Captured | On Sell Or Use
Max+ Inf MP | Battle
Max+ Inf Minerals and Materials | Blacksmith Shop
Max+Inf Consumables
Max+Inf Items on Get+Use v01.17-v01.22
Max+Inf Merks
Max+Inf Runes
Max+Infinite Ammo
Max+Infinite-Sand
Max-Coins
Max-GOLD
Max-Gold(99999999)
Max-Gold-Orbs
Max-Points
Max-Proud-Sovl-99999999
Max-Proud-Sovl-Nero
Max-Red-Orbs
Max-Red-Orbs-(999999)
Max-Red-Orbs-99999999
Max-Souls+Max-GOLD+PRISMIUM
Max-money
Max-money(MC)
Max. Skill Points
Max/Ammo/Money/Throwables (on get)
Max/Inf Vergil Concentration (by DreamRunner)
Max/Inf Vergil Demon Form (Doppelgange)
Max/Inf Weapons/Praetorian Points/Mastery Tokens/Sentinel Batteries
Max/Infinite AP
Max/Infinite Accolades On Buy
Max/Infinite Ammo
Max/Infinite Ammo/Arrows/Items/Gold
Max/Infinite Ammo/Clip/Items (99)
Max/Infinite Ammo/Items
Max/Infinite Ammo/Medkits/Resources/Ethanol On Use
Max/Infinite Ammo/Money/Throwables
Max/Infinite Ammo/No Reload
Max/Infinite Ammo/White Sage (Rose)
Max/Infinite Armor
Max/Infinite Attribute Points
Max/Infinite Attribute Points (Activate/Exit/Enter)
Max/Infinite Avaliable Points
Max/Infinite Bio Points
Max/Infinite Blood Penitence
Max/Infinite Bones
Max/Infinite COAM
Max/Infinite CP
Max/Infinite Callisto Credits
Max/Infinite Cells
Max/Infinite Coins
Max/Infinite Coins/Crystals/Bones (Disable After Gain)
Max/Infinite Coins/Crystals/Bones (On Gain/Use)
Max/Infinite Consumables
Max/Infinite Consumables/Resources/Money
Max/Infinite Coppers
Max/Infinite Credits/Rep Scrip
Max/Infinite Cristals On Gain/Buy
Max/Infinite Dagger (Need 2 To Work/99)
Max/Infinite Devil Triger Bar
Max/Infinite Devil Trigger (DMC2)
Max/Infinite Dragon Cure Potion
Max/Infinite EP (On Gain)
Max/Infinite FP
Max/Infinite Flamethrower
Max/Infinite Focus
Max/Infinite Fuel
Max/Infinite Fury On Kill
Max/Infinite Fury On Use
Max/Infinite GRP
Max/Infinite Genuine Qi (Gain/Use)
Max/Infinite Gold On Buy
Max/Infinite Gold Orbs On Gain Or Buy
Max/Infinite Grenades/Scepter Of Ra (Zombies)
Max/Infinite Grenades/Specialist
Max/Infinite HP
Max/Infinite HS/Resources/Fleeting Echoes/Mastery Seal/Spirit Seal/Divine Triunph
Max/Infinite Health
Max/Infinite Health (DMC1)
Max/Infinite Health (Enable MC)
Max/Infinite Health (Need MC)
Max/Infinite Health Regeneration
Max/Infinite Health+1 Hit Kill
Max/Infinite Health+Shield+Action Skill (Master Code)
Max/Infinite Health/1 Hit Kill (MASTERCODE/MUST BE ON)
Max/Infinite Health/1 Hit Kill (Master Code)
Max/Infinite Health/1 Shot Kills (Master Code)
Max/Infinite Health/Special Attack/1 Hit Kill (Master Code)
Max/Infinite Health/Team
Max/Infinite Heath
Max/Infinite Items
Max/Infinite Items On Use (DMC1)
Max/Infinite Items On Use (DMC2)
Max/Infinite Items/No Reload
Max/Infinite Items/Potions/Arrows
Max/Infinite Items/Potions/Arrows (On Pick Up/x2 To Work)
Max/Infinite Ki
Max/Infinite Lei
Max/Infinite Lives
Max/Infinite Lives On Gain
Max/Infinite Lockpicks On Use
Max/Infinite MP
Max/Infinite Magic
Max/Infinite Mastery Points On Gain
Max/Infinite Money
Max/Infinite Money (Unlock Loans Before)
Max/Infinite Money On Buy
Max/Infinite Money On Buy (Don't Take More Money)
Max/Infinite Money On Pick
Max/Infinite Money On Pick Up
Max/Infinite Money/Buy Or Sell
Max/Infinite Moolah
Max/Infinite Nanogel
Max/Infinite Pesetas On Pick Up
Max/Infinite Psi-Points
Max/Infinite Ptas On Pick
Max/Infinite Recovery Items On Use
Max/Infinite Red Orbs
Max/Infinite Red Orbs (DMC1)
Max/Infinite Red Orbs (DMC2)
Max/Infinite Red Orbs (DMC3)
Max/Infinite Red Orbs On Gain/Buy/Use
Max/Infinite Resources On Pick Up
Max/Infinite Resources/Consumables//Arrows/Money(On Use/Buy)
Max/Infinite Rots On Use (Disable Master Code)
Max/Infinite Runes
Max/Infinite Runes On Start
Max/Infinite SP On Spend
Max/Infinite Scrap On Use (Nightmare)
Max/Infinite Scraps
Max/Infinite Shield/Rots On Use (Disable Master Code)
Max/Infinite Skill Points
Max/Infinite Skill Points On Gain
Max/Infinite Skill Points On Gain (Disable After Gain)
Max/Infinite Skill Points On Gain/Use
Max/Infinite Skill Points On Use
Max/Infinite Soulary/Ingots/Prismium/Curse-Reroll/Anti-Penalty
Max/Infinite Souls
Max/Infinite Souls/Ingredients/Cristals/Tokens On Buy/Use (x2 To Work)
Max/Infinite Special Hability
Max/Infinite Spinels On Pick Up
Max/Infinite Stamina
Max/Infinite Stars
Max/Infinite Stun Enemies (Rose)
Max/Infinite Super
Max/Infinite TP On Activation
Max/Infinite TPs On Use
Max/Infinite Throwables/Items On Craft
Max/Infinite Tps On Activate
Max/Infinite Upgrade Points
Max/Infinite Vigor
Max/Infinite Water/Foods/Nanites On Spend
Max/Infinite Weaver Armour
Max/Infinite XP/HS/Resources On Pick Up/Buy/Sell
Max/Infinite Zeni
Max/Infinite Zeni On Use
Max/SP On Gain (Disable Inf Health B4 And Gain SP/Disable)
MaxBatteries [ MC ]
Maxed Armour
Maxed Axe
Maxed Bow
Maxed Helmet
Maxed Sword
Maximize Item after Level UP Slot1
Maximize Item after Level UP Slot2
Maximize Item after Level UP Slot3
Maximum EXP After Getting It
Mazda Race Events Codes
Mechanical collectible Infinite Timer
Med Bay Patient Recovery 0 Days
Med Bay Patient 后摇 0 天
Medals Don't Decrease
Medical
Medicine
Medidor de Alma Infinito
Medkits Don't Decrease
Mega Jump
Mega Jump (DMC3)
Mega Jump (Hold R1)
Mega Jump Sonic 1 + 2
Mega Jump Sonic 3
Mega Jump Sonic CD
Mega Shoots
Megane Cup Codes
Megatons Gigatons Easy Max
Megatons Gigatons Extra Time
Melee Energy (MC)
Melee Speed x3
Mercedes Race Events Codes
MesuKing: 1 Hit Kill
MesuKing: Infinite Health
Metal 900000 (on spend first time)
Metal de Sangue e Sangue de Valfaris Infinito
Metal-Slug-1-Inf-All-Weapon
Metal-Slug-1-Inf-lives
Metal-Slug-1-Infinite-Bomb
Metal-Slug-2-Inf-All-Weapon
Metal-Slug-2-Inf-Bomb
Metal-Slug-2-Inf-lives
Metal-Slug-3-Inf-All-Weapon
Metal-Slug-3-Inf-Bomb
Metal-Slug-3-Inf-lives
Metal-Slug-4-Inf-All-Weapon
Metal-Slug-4-Inf-Bomb
Metal-Slug-4-Inf-lives
Metal-Slug-5-Inf-All-Weapon
Metal-Slug-5-Inf-Bomb
Metal-Slug-5-Inf-lives
Metal-Slug-X-Inf-All-Weapon
Metal-Slug-X-Inf-Bomb
Metal-Slug-X-Inf-lives
Metals Never Decrease
Midget II Race Codes
Mikiri Counter Always On Time Test
Mikiri 计数器 常开时间测试
Min Horse Panic
Mine D
Mini Me (Regina)
Mini Me（蕾吉娜）
Mini Mini Sports Meeting Codes
Mini Race Events Codes
MiniGame| Claw Machine| Infinte Turns
MiniGame| Dragon Kart| Infinite Ammo
MiniGame| Dragon Kart| Max Score
MiniGame| EVocational Tests| Stop Timer
MiniGame| Movie Theatre | Max Score
Minimum Building Requirement
Minimum Weight (for inventory after picking items)
Mirage Cup Codes
Misako (MC)
Mission 1
Mission 10
Mission 11
Mission 12
Mission 13
Mission 14
Mission 15
Mission 16
Mission 17
Mission 18
Mission 19
Mission 2
Mission 20
Mission 21
Mission 22
Mission 23
Mission 24
Mission 25
Mission 26
Mission 27
Mission 28
Mission 29
Mission 3
Mission 30
Mission 31
Mission 32
Mission 33
Mission 34
Mission 4
Mission 5
Mission 6
Mission 7
Mission 8
Mission 9
Mission Red Orbsx99
Mission Score (New Game+)
Mist Parasites
Mitsubishi Race Events Codes
Model Year From 0 Required
Model Year Up To 9999 Required
Modo Furia Infinita
Molotov: Ignore Crafting Limit
Money
Money (MC1)
Money (Master Code)
Money Incress on purchase 2
Money Multiplier (on buy)
Money doesn't decrease
Money x2
Money/Stats x2
Money: Infinite
Money: Max on Use
Monochrome
Monster Lair Infinite Lives
Monster World II Infinite health (No need a Master Code)
Moon Jump
Moonscars
Motegi 8h Endurance
MotoGP 14
MotoGP 15
MotoGP 17
Mount Never Gets Scared (Read Info)
Mount Stamina
Move Speed x5
Movement Faster
Movement Speed x5
Multi Jump
Multi Jump And Levitate
Multi-Tool Instant Hack (Use on Laptops)
Multiply Status Value x10 On Upgrade
Muni??o Infinita
Municao Infinita
Munny
Munny Doesn't Decrease On Spend
Muscle Car Competition Codes
Mx Resources On sell
Mx Resources 正在出售
Mysterious Abyss
Mysterious Meter: Evil
Mysterious Meter: Good
Mysterious Meter: Neutral
NBA 2K17
NBA 2K18
NBA 2K19
NEO：《世界尽头与你同在》
NEVER LOSE INK POWER
NO Reload
NPC Instant Max Affection
NPC Instant Max Expertise
NPC Instant Max Skill
NPC恢复正常速度
NPC禁止攻击
NPC禁止移动
NR A RX 8 Cup Codes
NR A RX 8 杯赛代码
NR A Roadster Cup Codes
NR A Roadster Cup 代码
NVG
Nachbrenner Maximum
Nachbrenner Unendlich
Nanaki Instant Vengance Mode
Nanaki 即时复仇模式
Natural Fuel steamworks
Natural Fuel x400 (Steam Works)
Nemesis instant recover
Nemesis stays down
Neptunia 艾克斯 《闪乱神乐：忍者战争》
Nero Inf Max Act
Nero Instant Charge Shot
Never Decrease Attribute Points
Never Decrease Points  for Upgrade
Never Get Rad
Never Lose Blood Echoes
Never Lose Humanity when Die
Never Lose Souls
Never Lose Souls when Die
Never Spotted Before Attacking
Never Wanted
Never-Reload-Shotgun-ALL
New Gaudi: Max Liveliness Gauge
New Gaudi: Stay Sober
New York 200 Miles
Night
Nimp Relics (MC1)
Nine Sols
Nissan Race Events Codes
Nitro Instant Refill
Nivel MAX
Nivel Max - Mate 3 a 5 Inimigos
Nivel Maximo
Nivel Maximo - Venda tesouros pelo menos 2 vezes
No Ability Cooldown
No Athra Surge Cooldown
No Athra surge Cooldown
No Awakening Enemies [MC]
No BB Stress Meter Drain
No BB Stress Meter Drain (Talixme,Vicodin10,Rizla)
No Background Noise
No Blood On Weapon
No Bow Fatigue
No Bullet Spread
No Car Damage
No Cargo Container Damage
No Cargo Damage 1
No Cargo Deterioration or Damage (Everything in Cargo Management.)
No Cargo Weight (Even with carriers)
No Carry Weight
No Cars Type Restrictions
No Charge Enemies [MC]
No Clip
No Collision
No Collision_Disable (X)_(Z)
No Consciousness Drain
No Consciousness Drain (Talixme,Vicodin10,Rizla)
No Coodown
No Cooldown
No Cooldown - On D-pad Items (Player 1 only)
No Cooldown Ability
No Cooldown Berserk Weapon
No Cooldown Eagle-Vision
No Cooldown-Items
No Cooldown: Blink
No Costs in Shop ( only Delivery )
No Cough
No Country Car Type Restrictions
No Craft, Purchase, Upgrade Requirements
No Crafting And Upgrade Limits
No Crafting Limits
No Crafting and Alchemy Requirements
No Damage
No Damage For Plane (Disable For Tank)
No Damage For Tank
No Damage For The Boat
No Damage Taken
No Damage To The Car**
No Damage To The Helicopter
No Damage To The Train
No Damage for companion
No Decrease: Medkits
No Delivery Cost
No Drivetrain Type Restrictions
No Effects
No Effects v01.13-v01.22
No Enemy Magic
No Enemy Stamina
No Enemy Troops
No Engines Type Restrictions
No Equipment Weight
No FPS On Screen
No Fall Damage
No Fall Death
No Falling_Disable (Y)
No Freezing
No Gatling Gun Overheat
No Gear AI
No Gun Shake
No Horsepower Restrictions
No Hunger
No Hunger / No Sleep
No Increment the Suit Level
No Ink Needed
No Item Damage
No Keys Needed
No Laser Cooldown
No Length Limit Required
No Man's 《光·遇》
No Money\Exp loss Upon Death
No Moves
No Noise Mode
No Over Heat (Switch Axe)
No Overheat
No Overheat Drill
No Overheating
No Overloaded Weight Slowdown
No Purchase Requirements
No Purchase and Upgrade Limits
No Radiation
No Recoil
No Recoil/Perfect Aim
No Relaod
No Reload
No Reload ( Ammo )
No Reload ( Weapon )
No Reload (reloaded)
No Reload - Bottomless clip
No Reload / Enemies Don't Shoot
No Reload Crossbow/Boomstick
No Reload and Infinite Grenade
No Reload for Crossbow/Boomsticks
No Reload- Inf Ammo must be On
No Reload/Grenades
No Reload/Grenades/Tank Cannon/Plane Missiles
No Reload/Inf Grenades/Equipment
No Reload/Inf Throwables
No Reload/Infinite Granades
No Reload/Infinite Grenades
No Relod
No Requires Level Up
No Retries (MC)
No Road Deterioration
No Road Deterioration (Talixme,Vicodin10,Rizla)
No Sanity
No Shield Enemy [ MC ]
No Skill Cooldown
No Skill Countdown
No Skill Tree Cost
No Skill cooldown
No Skul Cooldown
No Souls loss Upon Death
No Spread
No Stamina Enemies [MC]
No Stash Items Increase
No Status Effects
No Structure Deterioration
No Stun P1
No Supressor Overheat
No Talisman and Relic Cooldown
No Tiredness
No Tires Type Restrictions
No Toxic
No Toxicity
No Toxicity From Decoctions 4.06
No Turrent Overheat
No Vehicle Collision Damage
No Visability
No Waiting Time For Use Drone
No Wasting Time To Use Mastiff
No Wasting Time To Use Rots
No Weapon Jam
No Weapon Spin-up
No Weapons Jam
No Weight
No Weight Items
No Weight Limit
No Weight Limit Restrictions
No XP,HS, Resources subtracted
No XP,HS, Resources subtracted when used
No cargo damage 2 (in case 1 didnt work)
No clip
No cooldown Weapons / items
No cooldown for automatic SMG
No hit Detection
No load Equipment
NoReload/InfGrenades
NoReload/信息手榴弹
NoStun/无限法术（需在道德和品格方面达到麦克斯等级）
Normal Jump Sonic 1 + 2
Normal Jump Sonic 3
Normal Jump Sonic CD
Normal Player Speed Sonic 1 + 2
Normal Player Speed Sonic 3
Normal Player Speed Sonic CD
Normal Speed (MC)
Novelty Masks On Zombies (10)
Now-3-Rest-手里剑
Nucleo Infinito
Null PlayTime
Nurburgring 24h Endurance
Nurburgring 4h Endurance
Nyan-Nyan Cafe: Instant Cat-Friendship
O2
ORBS
Oathkeeper
Objects: No Dec. + Max. (Get/Buy)
Oblivion
One Hit Down Boss
One Hit Drain Enemy Stamina
One Hit Kill
One Hit Kill ( Boss )
One Hit Kill ( Deactivate before open chests )
One Hit Kill ( Disable Max Skillpoints )
One Hit Kill ( Dont use on Boss and Item )
One Hit Kill ( dont use on boss )
One Hit Kill (Must enable MC)
One Hit Kill (Opponent)
One Hit Kill (Player Character)
One Hit Kill (Player Character) (Unmoored World)
One Hit Kill (Use with InfiniteHealth)
One Hit Kill - Fast Destroy
One Hit Kill Boss
One Hit Kill [ MC ]
One Hit Kill [MC]
One Hit Kill [MC] ( Disable Anesthetize )
One Hit Kill {Player Dies In 1 Hit}
One Hit Stun
One Hit Stun [DO NOT USE IN VALHALLA]
One hit kill
One-Hit-Kill
One-hit Destroy (trees, rocks, etc)
One-hit Kill
One-hit Kill Animals
One-hit Kill*
One/Two Hit Kill
OneHitKill
Only 1 Ufo collect Sonic CD ( Special Stage )
Only Works on DUPLEX PRELUDE dump
Only collected Infinite Items
Only one Dojo to finish Stage [ Dojo Stage ]
Open Chest W\O key
Open Race Events Codes
Opponent Health (25%) (MC)
Opponent Super Meter Bars (0) (MC)
Oxygen Mask Code
P-47  MG (No Overheating)
P-47 (Inf HP)
P1 Easy Kill
P1 Full Defensive Meter
P1 Full Offensive Meter
P1 Inf Energy - P2 0 Energy
P1 Inf HP
P1 Inf Soul Charge
P1 Inf Soul Gauge
P1 Inf X-Ray - P2 0 X-Ray
P1 Infinite Energy
P1 Infinite HP
P1 Infinite X-Ray
P1 Invincible
P1: 1 Hit Kill
P1: Infinite Health
P2 Inf HP
P2 Inf Soul Charge
P2 Inf Soul Gauge
P2 Invincible
P2 No Defensive Meter
P2 No Offensive Meter
P2: 1 Hit Kill
P2: Infinite Health
PSG I
Pal Key Cyan
Pal Key Red
Pal Key Yellow
Pal 钥匙 红色（启用 PL）
Pal 钥匙 青色（启用 PL）
Pal 钥匙 黄色
Pal 钥匙 黄色 (PL)
Pal键 青色
Pan Euro Championship Codes
Paralisar o Tempo
Park Beyond
Parry Always On Time
Parts, Skills, Items On Use (x999)
Party Level 99 (on xp gain)
Pass Through Any Door
Pause By Controller
Pause By Controller (read description)
Pause Menu Freeze Timer
Pause Menu Freeze Timer (SM+MM)
Pause Menu Inc (MM)Timer Dec (SM)
Pause Menu Inc (SM) Timer Dec (MM)
Pause Menu Inc Timer
Pause The Game
Pause/Unpause Game (Click Touch-Pad+Dpad Right/Left)
Paused Timer
Pedestal Items Dont Disappear (Pedestal item will go invis but its there)
Penas Infinita
Perfect Aim
Perfect Stats
Perfect Temperature
Perfect Vehicle Condition
Perks 得分 99（基于消费）
Perola Azul Infinita
Peugeot Race Events Codes
Philosoma
Photon Debugger
Photon 调试器
Plants Recharge Instantly
Plastic Slipper| Max ATK
Platinum Medals (99) / On Spend
Play lvl Time freeze
Player + Enemy Inf HP
Player + NPC Inf Stamina
Player 1: 1-Hit K.O.
Player 1: Infinite Health
Player 1: Max Health
Player 1: Min Health
Player 2: 1-Hit K.O.
Player 2: Infinite Health
Player 2: Max Health
Player 2: Min Health
Player Height Only
Player Infinite Health
Player Infinite Posture
Player Infinity Ammo
Player Infinity HP
Player Jump Height [ x 2 ]
Player Jump Height [ x 3 ]
Player Jump Height [ x 4 ]
Player No Dead
Player No Dead 1.01-1.02
Player No Dead 1.04
Player No Dead 1.05
Player No Dead 1.21
Player No Dead v01.22
Player Only Inf Stamina
Player Pointer
Player Run Speed [ x 2 ]
Player Run Speed [ x 3 ]
Player Run Speed [ x 4 ]
Player Speed (Master Code)
Player Speed 1.50
Player Speed 2.00
Player Speed [ x 2 ]
Player Speed [ x 3 ]
Player Speed [ x 4 ]
Player Stats
Player Swim Speed [ x 1 ]
Player Swim Speed [ x 2 ]
Player Swim Speed [ x 3 ]
Player Walk Speed [ x 2 ]
Player Walk Speed [ x 3 ]
Player Walk Speed [ x 4 ]
Player inf Stamina
Player's Speed x2
Player/Pawn 0 Weight
Player/Pawn Level Up on XP Gain
Player/Pawn Max Vocation Rank on Gain
Player: Double Height (Jump)
Player: Double Speed
PlayerBase
PlayerExterminate (OHK) v01.17-v01.22
PlayerExterminate（需要 加载中）
PlayerHorseNoDead（需要 加载中）
PlayerNoDead（需要加载中）
Pocket Car Circuit: Infinite Boost
Pocket Car Circuit: Infinite Gauge
Pocket Car Circuit: Infinite Stabilize-Gauge
Poder Especial Infinito
Poderes Infinitos
Pofo
Poison Resistance
Polymeric Ability
Polymeric Ability 1
Polymeric Ability 2
Polyphony Digital Cup Codes
Polyphony Digital 杯兑换码
Pontos Infinitos
Pontos MAX
Pontos de Evolucao Infinitos
Pool Inf One Shot Challenge Attempts
Power Axe Mode (Charge Blade)
Power Down Infinito
Power UP Infinito
Power Up ( Square Button )
Practice Mode (No One Dies)
Premium Sports Lounge Codes
Premium Sports Lounge 优惠码
Press R3 to Refill Energy Shield Timer
Prodeus
Professional Events Codes
Punch Weapon [ MC ]
QQ飞车
Queen Plug
Quest Timer
Quick Buy and Sell Shop Items
Quick Buy+Sell Shop Items
Quick Charge Camouflage Bar
Quick Counts Always On Starts 3 and 0
Quick Deathblow
Quick DigiConvert
Quick Hacker Rank &quot; After Gained&quot;
Quick Hacker Rank &quot;After Gained&quot;
Quick Level Customer Rank
Quick Level Moogle
Quick Level Up
Quick Level Up Commands/Shotlock
Quick Level Up Forms
Quick Level Up Items ~Item World~
Quick Level Up Skills
Quick Level Up Summons
Quick Level Up Tamer
Quick Level Up ~Enable In Battle~
Quick Level Up ~Go Into To 2-3 Fights~
Quick Level Up ~Leave Area To See Effect~
Quick Level Up ~Take One Picture~
Quick Level Up~Don't Enable With Other Cheats~
Quick Level Up~Leave Area Go Back~
Quick Praxis/Max XP
Quick Rank Up &quot;After Gained&quot;
Quick Special
Quick 冲锋 迷彩条
Quick-Level-All-Weapon-Up-(mc)
Quickly Gain AP
Quickly Gain Abilities
Quickly Gain Bonus Bar
Quickly Gain Chainlink
Quickly Gain Customer Rank
Quickly Gain Item Bonus
Quickly Gain Item World ~Prizes~
Quickly Gain Memory
Quickly Gain Overdrive
Quickly Gain Range ~Skill Shop~
Quickly Kill Zombies
Quickly Level Up Crafting
Quickly Level Up Skill Power
Quickly Level Up Skill Power SS + &quot;On Enhance&quot;
Quickly Level Up Skills
Quickly Level Up Squads
Quickly Level Up Weapons
Quicky Level Up Crafting
Quicky 升级 制作
RAI-DEN
RETURN-Energy
RETURN-Health
RETURN-Shurikens
RETURN-手里剑
REVISION-Infinite Lives
REVISION-Infinite-BOMB
REVISION-Infinite-LEVEL
REVISION-Infinite-SHELD
REVISION-Invincible
RIZAP: Bench Press: Max Score
Race Of NA Sports Codes
Race Of The Red 'R' Emblem Codes
Racing Of Turbo Sports Codes
Rage / Arrows (Master Code)
Raid-Mode-Inf-All-Items
Raid-Mode-Inf-Keys
Raid-Mode-MAX-GOLD
Raid-Mode-Max-Skill-Points-(SP)
Raiden=1-Infinite-Bomb
Raiden=1-Infinite-lives
Raiden=2-Infinite-Bomb
Raiden=2-Infinite-lives
Raise CP-Cap from 24520 to 65535
Raketen Maximum
Raketen Unendlich
Ranged Weapon
Rapid + inf shurikens
Rapid Fire
Rapid Fire 100%
Rapid Fire 30%
Rapid Fire 50%
Rapid-Fire
Rapid-Fire-(MC)
Rapunzel: Infinite Coins
Rapunzel: Infinite Power
Rapunzel: Infinite Undo
Rapunzel: Max Score
Rapunzel: Unlock All Stages (Temporairly)
Ration
Ravenswatch
Real Circuit Tours Codes
Real Circuit Tours 优惠码
Real Estate: Instant Payout
Recursos Infinitos
Reduce Fall Damage
Reduce Slipp. Code
Refill + Infinite HP When Hit| Selected Characters
Refill + Infinite RP on Use| Selected Characters
Refill HP (1P/2P Left Side) Press Evade button / L1 (Master Code)
Refill HP (1P/2P Right Side) Press Evade button / L1 (Need MC)
Refill Health
Refill Rage
Remove Score-Limit For Demo Levels
Renault Aloine Cup Codes
Renault Race Events Codes
Replenish items at 1
Reset Horse Fear Bar
Reset Memory Souls to 125
Reset Play Timer
Reset Save Count
Reset Save Count to 1
Reset Time
Reset Time (Enable/Disable)
Reset Timer
Reset Timer to 1 [ MC ]
Resins 900000 (on spend first time)
Resins Never Decrease
Resistances Effects
Resogun
Resources Never Decrease
Resources never decrease (build general storage to request more)
Respawn 随身背包（启用 GS）
Rest GamePlay Timer
Rest PlayTime
Result 0:00.00 Time Cleared
Result Max 999,999 Combos
Result No Damage Taken
Resurrection Charge No Cooldown
Retail | Extra Job Points
Return-to-Health
Revenant (Player): Infinite Health
Revolver 357 (force glitch / MC wep)
Riki (MC)
Riki（MC）
Rings Left Sonic 3 ( Special Stage )
Risen
Roadster 4h Endurance
Roadster 4h 耐力赛
Rope
Rose - 《Infinite 魔法》
Rumbling Rose
Run Speed
Run Speed (x3 multiplier)
Run Speed x2
Run without Pressing X or L3
Run/Swim Faster (Press L3)
Run/Swim Faster Code
Runes 999 after used
Runes Code
Runes Retained On Death
R属性 Delta
S.P.E.C.I.A.L.属性属性
S.恐怖分子.A.R.S.特勤组特勤组
SAS技能 无冷却时间
SAS技能即时补充
SCES01762
SCES53133
SCES53135
SCES54206
SD Hunter
SD高达 G GENERATION 传中的 RAYS PREMIUM G SOUND EDITION
SHADOWS OF ROSE DLC CHEATS
SHiFT兑换码
SINNER：为救赎而献祭
SL Challenge Codes
SL 挑战代码
SLES00503
SLES00608
SLES04123
SLES04155
SLES50306
SLES50650
SLES51156
SLES51434
SLES51704
SLES51746
SLES51820
SLES51918
SLES52482
SLES53368
SLES53380
SLES53518
SLES53548
SLES53626
SLES53777
SLES53829
SLES53855
SLES53871
SLES53872
SLES53873
SLES53887
SLES53908
SLES54186
SLES54490
SLES55512
SLPM62139
SLPM62165
SLPM62562
SLPM62602
SLPM62685
SLPM62726
SLPM62729
SLPM66056
SLPM66301
SLPM66405
SLPS00728
SLPS00950
SLPS25233
SLPS25352
SLUS00067
SLUS00288
SLUS00387
SLUS00433
SLUS00435
SLUS00499
SLUS00529
SLUS00551
SLUS00605
SLUS00690
SLUS00748
SLUS00756
SLUS00922
SLUS00923
SLUS00970
SLUS00977
SLUS01279
SLUS01334
SLUS01395
SLUS01525
SLUS18251
SLUS20001
SLUS20040
SLUS20090
SLUS20238
SLUS20306
SLUS20459
SLUS20487
SLUS20636
SLUS20714
SLUS20770
SLUS20780
SLUS20850
SLUS20873
SLUS20960
SLUS20962
SLUS20981
SLUS20983
SLUS21016
SLUS21022
SLUS21087
SLUS21111
SLUS21168
SLUS21306
SLUS21320
SLUS21390
SLUS21555
SLUS21731
SLUS62390
SPEED RUN
SPPED UP
SSS Style Rank
SSS评价
STOP Timer : Bozak DLC
STOP Timer : Main Game
STRANGER OF PARADISE Backport 5.05
Sacred 火 满格
Safe always Open
Salamander 2 Inf Lives P1
Salamander Inf Lives P1
Saleen Race Events Codes
Saleen S7 Club Codes
Saleen S7 俱乐部代码
Samurai Edge (Activate/Enter/Deactivate)
Sangue de Juiz Infinito
Save Always 0
Save Always At 0
Save Anytime ~Leave Any Area~
Save Anywhere (.Press L1 &amp; L2)
Save Anywhere (Press L1 &amp; L2)
Save Aways 0
Save Location [ MC ]
Save Position [ MC ]
Save always 0
Scan No Wait Time
Schild Unzerstörbar
Schwarzwald Liga A Codes
Schwarzwald Liga B Codes
ScimitarAC2.elf
ScimitarACB.elf
ScimitarACR.elf
Scope
Score Multiplier
Score x1
Score x10
Score x100
Score x2
Score x20
Scoria Multiplier (default 5x)
Scoria 倍率（默认 五次）
Scythe: Always available
Scythe: No Blood Cost
Sell item x90
Sell item x900
Sensual Healing ( Godmode )
Set Apples to 99
Set Boxes to 999
Set Challenger Timer to 1
Set Crystals to 99
Set Diamonds to 99
Set EXP to 9.999.999 (Earn EXP to take effect)
Set Exp to 9.999.999
Set GM (Money) to 9.999.999
Set Game Speed
Set Game Speed (Including Speech)
Set Game Timer To 0
Set Gold to 99
Set Keys to 99
Set Kill series to 9.999.999
Set Left Team Basket points to 200
Set Lives to 999
Set Money to 8.999.999
Set Perk Conditions to Max
Set Platin to 99
Set Saphir to 99
Set Skillpoints to 999
Set TP/ZP to 9.999.999
Set Time of Day
Set Timer [ 999 ]
Set Timer to 0 [ Time Challenge ]
Set Timer to 5 Minutes Pelota [ MC ]
Set Zeni to 9.999.999
Set all Structure Builds to 10Mil
Set saved data to 0
Set used Talent Points to 0 [ MC ]
Shadow-Runner
Shaolin Master| Supreme ATK
Sharpness
Shelby Cobra Cup Codes
Shelby Race Events Codes
Sherman Tank (Inf HP)
Shining-Ray
Ship Inf Boost
Ship Inf Health
Shop 平台上的“Unlimited 基尔”买卖专区
Short Animationtime for Aiming
ShotGun (force glitch / MC wep)
Shots Taken (1000)
Show All Dev Menu Details
Show Nearby Items
Show The Complete Menu
Show Time Use After Time Disappear
Shuriken: Always available
Shuriken: No Blood Cost
Shuriken: No Cooldown
Silent Footsteps
Silvia Sisters Codes
Simulate Oracle +999 (GameMax)
Simulate Oracle MAX
Skill No Cooldown
Skill Point 999
Skill Points
Skill Points (99)
Skill XP Multiplier
Skill points to spend(turn off after applying)
Skillpoint Never Decrease
Skillpoints
Skillpoints increase by using
Skills and Hacks Instant Cooldown
Skip a day (effect on each time being activated)
Skipping always Enabled
Sky Arena: Instant Max Rank
Sleeping Lion
Slitterhead
Slow Jump
Slow Mo Enemy
Slow Mo Player
Slow Motion
Small Arms Fully Automatic
Small Hud
Smithing: Instant Max (Item)
Smithing: Items get Special Status (Enhance)
SnapMap Mode:Add Point
SnapMap Mode:Time STOP
SnapMap 模式：添加点
Socom
Some NMEs Don't Shoot
Spawns the 3rd Venom Bar
Spear and Lance - No Cooldown
Spear: Always available
Spear: No Blood Cost
Spear: No Cooldown
Spearfishing: Easy Score
Spearfishing: Infinite Air
Spearfishing: Infinite Ammo
Spearfishing: Max Level
Special Alloy Wont decrease
Special Alloy do not decrease
Special Conditions Events Codes
Special alloys Never Decrease
Speed (Master Code)
Speed 1.5x
Speed 2x
Speed 3x
Speed Attack R1/R2 x8
Speed Becomes Normal
Speed Hack
Speed Hack 1.25
Speed Hack 1.50
Speed Hack 2.00
Speed Hack L2+D-PAD Left Dec/Right Inc
Speed Hack Master Code
Speed Hack Slow Ai
Speed Hack x1.25
Speed Hack x1.50
Speed Hack x2
Speed Hack x2.00
Speed Hack x3
Speed MC (Must Be On)
Speed Multiplier x 1 [ MC ]
Speed Multiplier x 2 [ MC ]
Speed Multiplier x 3 [ MC ]
Speed Multiplier x 4 [ MC ]
Speed [x2.0]
Speed [x3.0]
Speed becomes Very Slow
Speed x 2 Multiplier [ Player ]
Speed x1.5 (Must enable walk speed MC)
Speed x2 (Must enable walk speed MC)
Speed x3 (Must enable walk speed MC)
Speedster Trophy Codes
Spider &amp; Roadster Codes
Spider &amp; Roadster 代码
Spitfire Cup Codes
Splendor Master| Enhanced ATK
Splitting Duplicate Item (Splitting Dont Cosume Code Must Be On)
Splitting, Base Construct  and Selling Dont Cosume Item (Disable all other cheats before using)
Spoof Lobby WZ
Sport Truck Race Codes
Springs in the air Infinite Timer
Sprungantrieb Maximum
Stackable Currency/Resources = 999 Frozen
Stamina
Stamina (MC)
Stamina (MC) / Deactivate In Training
Stamina / Ammo (Master Code)
Stamina / Energy (MC)
Stamina / No Reload / WarCay (Insta Refill)
Stamina Left
Stamina Master Code
Star Seeker
Star Time  (Unlimited Use) / Bullets
Stars Of Pleiades Codes
Start On Lap 2
Start On Lap 3
Start On Lap 4
Start On Lap 5
Start With Magnum (1st Slot)
Starts And Stripes Codes
Stats - Luck 9999
Stats - MP 9999
Stats - Magic 9999
Stats - Magical Damage 9999
Stats - Magical Defense 9999
Stats - Physical Damage 9999
Stats - Physical Defense 9999
Stats - Speed 9999
Stats - Strength 9999
Stats - Vitality 9999
Stats - Will 9999
Stats/Level Maxed (Buy Once)
Steady Aim - No Recoil
Stealth
Stealth Mode
Stealth Mode ( Dont touch Enemy )
Steam创意工坊
Steam成就
Steam钱包
Steam集换式卡牌
Step-Costs not Increasing
Steve (Sart With Magnum)+ Inf Ammo
Steve Jobs | MAX Job Rank
Stock In shop duplicated don't exceed 99 it will be negative
Stock Tools x99 (Mission)
Stop Decreasing Durability
Stop Mission Time (New Game+)
Stop Night Growth
Stop Quest timer
Stop Story Time
Stop Time
Stop Time (BedRoom)
Stop Time (Disable For Time To Run Out)
Stop Time (Mercenaries)
Stop Time Death Run**
Stop Time For Parkour And Fighting Challenge
Stop Time In The Bloody Palace
Stop Time Mercenaries
Stop Time Missions
Stop Time Missions (Disable B4 Finishing)
Stop Time Puzzles (Final Transmission)
Stop Time Seringues
Stop Time Trial
Stop Timer
Stop Timer Down (CD + The Struggle)
Stop Timer Up (Countdown Mode)
Stop Timer Up (Main + Invisible Mode)
Stop Timer Up (Raid Mode)
Stored Fuel 9999 (Steamworks)
Stored Fuel steamworks
Stored Fuel 蒸汽厂
Subaru 360 Race Codes
Subaru Race Events Codes
Summon Next Matz / Jewel
Summon XP 50x
Sunday Cup Codes
Super Accuracy
Super HP Bar On Reload
Super Jump
Super Jump (DMC3)
Super Jump (Hold R1)
Super Jump (Master Code)
Super Jump (x5 multiplier)
Super Jump Code
Super Jump Drone [ Land ]
Super Jump Drone [ Water ]
Super Jump Sonic 1 + 2
Super Jump Sonic 3
Super Jump Sonic CD
Super Jump [ Land ]
Super Jump [ Water ]
Super Jump~Just Jump~
Super Leap (x5 multiplier)
Super License 1 Gold
Super License 2 Gold
Super License 3 Gold
Super License 4 Gold
Super License 5 Gold
Super License 6 Gold
Super License 7 Gold
Super License 8 Gold
Super Mega Jump
Super Player Speed Sonic 1 + 2
Super Player Speed Sonic 3
Super Player Speed Sonic CD
Super Speed
Super Speed Enemy
Super Speed Player
Super Speed ~On Load~
Super Speedway 150 Miles
Super Sprints R1+D-PAD Left Dec/Right Inc
Super Stealth
SuperLite 1500 系列：梦幻之夜 梦想：纯棉原版
Supercar Festival Codes
Suppressor Socom
Survival scroll upgrade x99
Suzuka 1000 Km
Suzuki Concepts Codes
Suzuki K Car Cup Codes
Suzuki Race Events Codes
Sweet Memories
Swiss Alps Rally Easy Codes
Swiss Alps Rally Hard Codes
Swiss Alps Rally Normal Codes
Switch Gauge (Switch Axe)
Switch to Day Time
Switch to Day Time 7:00 AM
Switch to Night Time
Switch to Night Time 7:00 PM
Switchaxe Gauge
Switchaxe ampede state
Switchaxe ampede timer
Switchaxe 进入“ampede”状态
Switchaxe 量规
Sword Block Attacks Disabled (Charge Blade)
Sword battery never decreases
Symbol of Avarice-No Effects
Sythesis Doesn't Consume Materials
TEHNIK BAR 总是座无虚席
TEVI
TLSampleViewerTO12.prx
TRAINER INFO (read only)
TVR Race Events Codes
TVR 赛事代码
TacP 投入产出比
Tackling Complex Corner Sequences 1
Tackling Complex Corner Sequences 2
Tackling Complex Corner Sequences 3
Tackling Complex Corner Sequences 4
Tackling Complex Corner Sequences 5
Tackling Complex Corner Sequences 6
Tactics scroll upgrade x99
Tailing: Low awareness
Tails Never Exhausted Sonic 1 + 2
Tails Never Exhausted Sonic 3
Tails Never Exhausted Sonic CD
Talents points
Tank Cannon/Target Locator No Cooldown
Tank Gun No Cooldown
Tank MG (No Overheating)
Tar (65535)
TelTel Boys Club: Infinite Time
Teleport To Map Waypoint
Teleport to Map Waypoint
Teleport to map waypoint
Teleport to sky
Teleport to space
Tempetar
Tempo Infinito
The best defence Infinite Timer
Therm G
Throwables
Thunder Weapon [ MC ]
Thymesia
Time Trial Extra 10 sec for each box
Time Trial Extra 5 sec for each box
Time always 00:00:00 on time trials
Time never decrease (Miriam Classic Mode)
Time of the Day [ Afternoon ]
Time of the Day [ Dawn ]
Time of the Day [ Dusk ]
Time of the Day [ Evening ]
Time of the Day [ Midday ]
Time of the Day [ Midnight ]
Time of the Day [ Morning ]
Time of the Day [ Night ]
Time of the Day [ Noon ]
Timer Bomb
Timer Countdown (To Complete Mission)
Tiquetes Infinito
Tires Never Wear Out
Tocha de Fogo Infinita
Tokyo R246 300 Km
Tools Level 5 On Gain
Top Brightness
Total Play time Always Zero (End Chapter)
Tour Of Tahiti Easy Codes
Tour Of Tahiti Hard Codes
Tour Of Tahiti Normal Codes
Tourist Trophy Codes
Tous France Championnat Codes
Toyota Race Events Codes
Trainer Info (read only)
Transform Size Of Dinosaur's Anytime (Press L2 For Smaller &amp; L1 For Bigger)
Travesal Challenge Time Always 0
Trish Inf Round Trip
Triumph Race Events Codes
Triumph 赛事活动代码
Troublr: Infinite Time
Tsukuba 9h Endurance
Tsukuba Wet Race Easy Codes
Tsukuba Wet Race Hard Codes
Tsukuba Wet Race Normal Codes
Tuning Car Grand Prix Codes
Tunings| Boost Rank
Tunings| Fast Ranking Up
Tunings| Hyper Ranking Up
Tunings| Max Rank After Battle
Turbo Boost (Press X)
Turbo Infinito
Turbo Shooting &amp; No Reload
Turbo Speed
Turrent 未过热
Two Become One
Type R Meeting Codes
T病毒
UFC 4
UI放大
UI缩小
Ufo Catcher: Infinite Attempts
Ultima Weapon
Ultimate All(testing)
Ultra/ Super Instant Refill  (Master Code)
Umbria Rally Easy Codes
Umbria Rally Hard Codes
Umbria Rally Normal Codes
UnMetal
Unbesiegbar
Undetectable
Undetected
Unlimited Actions
Unlimited Ammo - No Magazine Decrease
Unlimited Anima
Unlimited Blind Boxes ( on first buy )
Unlimited Camouflage duration
Unlimited Coins ( on first buy )
Unlimited Combat Challenge Time
Unlimited Exterminador / Supremo
Unlimited Gears ( on first buy )
Unlimited HP
Unlimited Health
Unlimited Health + Heart
Unlimited Items
Unlimited Items (on drop need 2)
Unlimited Jumps
Unlimited Ki
Unlimited Knifing Time
Unlimited LUMS
Unlimited Life Points/Stamina Points
Unlimited Lucky Tickets
Unlimited Money (on buy)
Unlimited Oxygen
Unlimited Player Upgrades ( after 1st successful task )
Unlimited Posture
Unlimited Sentience
Unlimited Shortcut Items
Unlimited Skill Points
Unlimited Slow Motion Force
Unlimited Stam, Joy, Fatigue, Hunger and Thirst
Unlimited Stamina
Unlimited Watering Can
Unlimited Weapon Durability
Unlimited Weight
Unlimited XP Points ( after 1st successful task )
Unlimited Yokai Shift Duration
Unlimited-Rage
Unlimted Items (on consume)
Unlock All Abilities
Unlock All Arcade Tracks
Unlock All Aspects | Max
Unlock All Combo Cards ~Go To Combo Menu~
Unlock All Consumables/Components/Captures/Special Items
Unlock All Extras
Unlock All Ingredients
Unlock All Items
Unlock All Items | Battle Only
Unlock All Items/Food/Tools/Medicine| Max
Unlock All Katey's Gifts~Enter Safe House~
Unlock All Keyblades~Gain 1 Keyblade~
Unlock All Materials | Max
Unlock All Modes &amp; Unlock All Unlockables ~Select Start Game~
Unlock All Outfits~Go To The Locker~
Unlock All Overdrives ~After Battle~
Unlock All Stages [ World 1 ]
Unlock All Stages [ World 2 ]
Unlock All Summons ~After Gaining New Character~
Unlock All Weapons/Armour/Usable Items
Unlock All-Weapon
Unlock Anti Form~Remove Armor~
Unlock Chicken Little~Remove Armor~
Unlock D.A. Garden Sonic CD [ MC ]
Unlock Every Weapon
Unlock Final Form~Remove Armor~
Unlock Genie~Remove Armor~
Unlock Limit Breaks ~Select Limit Level Go Into Battle To Unlock~ ~2 battles~
Unlock Limited Form~Remove Armor~
Unlock Magic Items
Unlock Master Form~Remove Armor~
Unlock Peter Pan~Remove Armor~
Unlock Sai Fung for Completing 100 Chapters
Unlock Skills
Unlock Sound Test Sonic CD [ MC ]
Unlock Stage Select Sonic CD [ MC ]
Unlock Stitch~Remove Armor~
Unlock Tier-One-Mode
Unlock Valor Form~Remove Armor~
Unlock Visual Mode Sonic CD [ MC ]
Unlock Wisdom Form~Remove Armor~
Unlock all ( Produce - Seafood - Materials )
Unlock all Items + Infinite Items
Unlock all Passive Level
Unlock all time portals
Unlock and Clear all dungeons levels
Unlock-All-Cheats
Unlock-All-stages
Unlock-Almost-Everything
Unlock-Characters
Unlock-Weapon=Shotgun+Magnum
Unlocker
Unque 酒吧充值
Untouchable
Untouchable ( Press Circle To Active After Supermove)
Untouchable - 无敌状态
Untouchable AI
Untouchable v01.22
Untouchable v2
Untouchables
Upgrade Points (On Use)
Use Attribute/Learning Point for Max Skill and Ability
Used 0 Continues
V1| Inf Equipped Items/Crossbow/Grenades
V1| Infinite Ammo No Reload
V1| Infinite Box Items
V1| Max Box Items on Move
V1| Max+ Inf Clip Ammo On Reload
V2| Inf Equipped Items/Crossbow/Grenades.
V2| Infinite Ammo No Reload.
V2| Infinite Box Items.
V2| Max Box Items on Move.
V2| Max+ Inf Clip Ammo On Realod.
V3| Inf Equipped Items/Crossbow/Grenades!
V3| Infinite Ammo No Reload!
V3| Infinite Box Items!
V3| Max Box Items on Move!
V3| Max+ Inf Clip Ammo On Realod!
VAC封禁
VR装置
Vassoura Infinita
Vehicle Gun No Overheat
Vehicle Inf Ammo
Vehicle Inf Boost
Vehicle Inf Health
Vehicle Infinity Ammo
Vehicle Infinity Boost
Vehicle Infinity HP
Vehicle Machine Gun No Overheat
Velocidade Infinita
Venom Bar Unlimited
Venus Suit Never Overheats
Venus 战衣 永不过热
Vergil Inf Concentration Gauge
Vergil Inf Round Trip
Vergil Inf Trick Up
Vergil Instant Charge Round Trip
Vette! Vette! Vette! Codes
Vida Infinita
Vida Infinita (antes de ativar a vida obtenha os pontos e morra uma vez para upar os personagens no maximo.
View First Ending (Press Select With these codes, do not press button to see ending during a FMV scene)
View Second Ending (Press Select With these codes, do not press button to see ending during a FMV scene)
View Third Ending (Press Select With these codes, do not press button to see ending during a FMV scene)
Vigor Infinito
Vitz Race Codes
Vitz 赛事代码
Volkswagen Race Events Codes
V币
V币最大
V技能
V槽
V触发
WWE 2K15
WWE 2K22
WWE 2K23
WWE 2K24
Waffenenergie Maximum
Waffenenergie Unendlich
Walk Multiplier x 1 [ MC ]
Walk On Watter
Walk Speed (Master Code)
Walk Speed Multiplier Mastercode
Walk Thru Walls
Walk 速度 倍率 主代码
Walking Speed (Master Code)
Walkthrough Walls
Walkthrough Walls Fixed
Wanted Activator
Wanted Level doesnt Increase
Warrior: High Damage
Weapon Durability
Weapon Modifier
Weapon No Overheat
Weapon Selection Mastercode [ Slot 1 ]
Weapon Selection Mastercode [ Slot 2 ]
Weapon Selection Mastercode [ Slot 3 ]
Weapon Slot Unlocker
Weapon points won't Decrease x10
Weapon rank points won't Decrease
Weapon-Rapid-Fire
Weapons
Weapons Durability
Weapons Level Up (Pick Up The Weapon/Activate)
Weapons No Overheat
Wesker (Sart With Magnum)+ Inf Ammo
Wheels Instant Turn
Whistler Ice Race Easy Codes
Whistler Ice Race Hard Codes
Whistler Ice Race Normal Codes
Winners Proof
Wishing Lamp
Witch Time L3 On R3 Off
Wizardry Mode|First Person View| Press Down Button
Wonder Boy Infinite Health
Wonder Boy Infinite Lives
Wonder Boy in Monster World III Infinite health
Wonder Boy in Monster World IV infinite Health
Wonder boy in Monster World IV Max Crystals
WonderBoy Monster Lair Infinite Health
WorkBench 中升级后的麦克斯组件
World Classic Car Series Codes
World Compact Car Race Codes
World Speed (Master-Code)
Wyrmstake Blast (w/o stone / Gunlance)
Wyrmstake Blast（无石 / 铳枪）
Wyrmstake Cannon No Over Heat (Gunlance)
Wyrmstake Cannon 无过热（铳枪）
Wyvern riding time
X2 Speed
X99 Skill Points
XP LEVEL
XP Multiplier (Master Code)
XP Multiplier x100
XP gain x 2
XP gain x 256
XP gain x 32
XP gain x 4
XP gain x 8
XP x16
XP x16 (Turn off first: x4, x8)
XP x2
XP x256
XP x4
XP x4 (Turn off first: x8, x16)
XP x8
XP x8 (Turn off first: x4, x16)
XP x8（首回合不生效：x2、x4）
XP x8（首回合不生效：x4、x16）
XP ×2
XP ×4
XP ×4（首回合除外：x8、x16）
XP 死机（仅限在 XP-Shop 中使用）
XP/HS/资源 倍率×10
XP/HS/资源 倍率×100
XP/HS/资源倍率（获取时）（默认：x10）
XP/HS/资源倍率（获取时）（默认：x25）
XP/HS/资源倍率（默认×2）
XP/HS/资源倍率（默认：x2）
Xtera Super Jump (MC)
Yen
Yokai Shift Duration no cooldown
Yokushin：GigaWing Generations
Yosemite Rally I Easy Codes
Yosemite Rally I Hard Codes
Yosemite Rally I Normal Codes
Yosemite Rally II Easy Codes
Yosemite Rally II Hard Codes
Yosemite Rally II Normal Codes
You get 1 new Life after Coin collect
ZM 恶搞大厅
Zanac Ace Zanac
Zeni套装 9,999,999
Zenny
Zen（购买）
Zero Chaos
Zero Death Stats
Zero Deaths
Zero Fat
Zero Shield Enemies [ MC ]
Zero Weigh (when Overload,Drop Item)
Zero Weight
Zero Weight ( must be activated )
Zombies Can't Grab Player
Z招式
Z纯晶
[00] MASTER CODE (ALWAYS ON!!!)
[00] MASTER CODE - ALWAYS ENABLED!!!
[00] MASTER 密码 - 始终启用！！！
[00] Master Code (MUST BE ON!!!)
[00][Master Code] Always ON!
[00][MasterCode] ALWAYS ON!
[01] Immunity
[01] Immunity Against NMEs
[01] Infinite HP
[01][123] Immunity
[01][Health] Immunity
[01][Health] Immunity Player+Horse
[01][Teleport] To Marker (Place It While Pressing L2)
[01a][Game] Speed x2
[01a][Special] LEON: Start New Game Carrying Killer
[01b][Game] Speed x1
[01c][Game] Speed x0.5
[02] 1 Hit Kill
[02] Infinite HP
[02] Infinite Health
[02] Infinite Health (Maxed)
[02] Infinite SP
[02][123] Infinite HP
[02][Health] Infinite
[02][Health] No Death From Height (Pharaoh2k/Dioniso)
[02][Player] Immunity
[02][Special] LEON: 3 Stored Weapons Exchanged
[02][Teleport] To The Base (L1+L2+R1+R2)
[02][生命] 《不会死亡》——选自《From Height》（Pharaoh2k/Dioniso）
[03] 1 Hit Kill
[03] 1 Hit Kill (The Purple Death)
[03] Infinite Lives
[03] Player Can Stand On Fire
[03] Turbo Speed
[03][12] 1 Hit Kill
[03][Health] 1 Hit Kill +Explode
[03][Health] Infinite
[03][Player] No Death When Falling/Going Out Of Limits
[03a] 1 Hit Kill
[03a][Fly] O+X (fast) A+O+X (slow)
[03a][Special] LEON: Store First Aid Spray And Get High-power Scope
[03b] 1 Hit Kill (Even Torchlight/Pointing)
[03b][Fly] O+X (fast) A+O+X (slow) ON/OFF
[04] 1 Hit Kill
[04] L2+X Kills Instantly All NMEs
[04] Lives: 666
[04] NMEs Don't Move (Exceptions Needed)
[04] Player`s Speed x3
[04] Speed x2
[04] 一击必杀（异常代码：Krauser）
[04][Health] Immunity
[04][Player] Infinite Health/Shield
[04][Unlock] All Items +Infinite
[04][Weapon] 1 Hit Kill
[04a][1] Ethan's + Chris's Speed x2
[04a][Special] LEON: Get Any Weapon [Storing]
[04b][1] Ethan's + Chris's Speed x4
[04b][Special] ADA: Get Any Weapon [Storing]
[05] 1 Hit Kill
[05] Infinite Points
[05] L2+R2+X Change First Weapon In Quick Menu (Needs Autosave + Retry)
[05] No Reload
[05] Player`s Megajump
[05][1] L1+O (3 Sec.) Ethan's Size Change (Most Of The Game)
[05][Health] Infinite
[05][Player] Revenant: Infinite Health
[05][Status] Infinite Stamina (Jump/Dash)
[05][Unlock] All Weapons +666 Ammo
[05a] Player`s Speed x2 (Recommended) (Need Weapon)
[05a][Special] LEON: Change Item In Slot 1
[05b][Special] ADA: Change Item In Slot 1
[06] Infinite Ammo
[06] Infinite Ammo / No Reload
[06] Infinite Coins
[06] Player`s Weapons SuperDAMAGE
[06] SUPER Always Full
[06] SUPER 总是满的
[06] Workbench: All Weapons Unlocked (If AUTOSAVE Then Permanent)
[06] 玩家的武器 SuperDAMAGE
[06][1] Boss Moreau Not In Water
[06][Health] Immunity: Player + AI
[06][Health] Start And Level Up = 666K Health
[06][Player] Infinite Lives
[06][Status] Infinite FP
[06][Unlock] All Keys
[07] Any Item Works (-Vaccine Sample, Tape + Player, Kendo`s Gate Key, Jewels)
[07] Hit Bar Always Full
[07] Hold UP Arrow + Press/Release L2: Change Weapon
[07] Player`s Weapons SuperSIZE
[07] Tamed NMEs
[07] Workbench: All Improvements (Infinite)
[07] 玩家的武器 SuperSIZE
[07][123] Gunsmithy Weapons: Power = 30k (1HK)
[07][Health] Infinite Health [10k]
[07][Health] Max Recharge
[07a][Player] Speed x1 (Normal)
[07a][Speed] Player x2
[07a][Status] Level = 99
[07b][Player] Speed x1.75 (Blood Fueled Rune)
[07b][Speed] Player x3
[07b][Status] Level = 666
[07c][Player] Speed x2
[07c][Speed] Player x4
[07d][Player] Speed x3
[07e][Player] Speed x4
[08] 5 Keys
[08] Bag Slots Maxed: Jill
[08] Chain: No Reset
[08] Infinite GRP
[08] No Baby + No Moreau In Water
[08] Workbench: Use Same Upgrades Parts Possible
[08][123] Gunsmithy Weapons: Infinite Ammo (No Decrease)
[08][Ability] Infinite Dash
[08][Health] Diving: Infinite Air
[08][Status] Attribute Points = 99
[08][Weapon] Rapidfire
[08][玩家] Infinite 车身护甲
[08a] Infinite Item: Bombs
[08a][Speed] Player + AI x2
[08b] Infinite Item: Spell
[08c] Infinite Item: Chicken
[08c] Infinite 物品：鸡
[08d] Infinite Item: Potion
[09] Bag Slots Maxed: Carlos
[09] Chain: Best To 666
[09] Chain：Best To 666
[09] Infinite Ammo / No Reload
[09] Infinite Coins (Starts At 66.666)
[09] Infinite Leis
[09][123] Gunsmithy Weapons: Rate Of Fire = 0.1
[09][Ability] Infinite Jump
[09][Ammo] Infinite
[09][Status] Infinite Runes
[09][Weapon] 1 Hit Kill
[09a][Weapon] 1 Hit Kill (Mega-Damage)
[09b][Weapon] Damage Multiplier x2
[09c][Weapon] Damage Multiplier x4
[09d][Weapon] Damage Multiplier x8
[09e][Weapon] Damage Multiplier x16
[09f][Weapon] Damage Multiplier x32
[10] Aiming Laser
[10] Infinite Collectables
[10] Store/Pick Up Weapon Get A Different One
[10] Time: 00:00
[10][123] Infinite Items
[10][Ability] Double Height (Jump)
[10][Enemy] No Attack
[10][Status_Effect] No Blood Loss
[10][Weapon] Infinite Concentration
[10][Weapon] Rapidfire
[10a] Sets and Stops At 1st Day 00:00 AM (Night)
[11] NME Don`t Attack
[11] Store/Pick Up Item And Get A Custom Part
[11] Torchlight ON
[11] Total Time: 00:00
[11][123] Selling: Get Money + Keep Item
[11][Status_Effect] No Poisoned
[11][Weapon] 1 Hit Kill
[11][Weapon] Heavy Weapons: Infinite Ammo
[11][Weapon] Infinite Ammo
[11a] Player's Speed x2 (Careful When jumping Down Fast)
[11a] Player`s Speed x2 (Careful When jumping Down Fast)
[11a][Jump] x1
[11b] Player's Speed x4 (Careful When jumping Down Fast)
[11b][Jump] x2
[11c][Jump] x4
[11d][Jump] x8
[12] Countdown: Bit Faster
[12] Electric Generators No Reload Time
[12] NME Don`t Walk/Run
[12] NME 《Don't Be a Terrorist》 Walk/Run
[12] Some Keys/Items (-Fuel, Artificial Eye, Left Liver, Sewer, Barry Episode 4)
[12] Torchlight OFF
[12][1] Torchlight ON
[12][Status_Effect] No Scarlet Rot
[12][Weapon] Infinite Knife/Armour Durability
[12][Weapon] Rapid Fire: Unmaker, Rocket Launcher, Plasma Rifle, Heavy Cannon, Shotgun
[12][Weapon] Valor Surge Instant Recovery (1 Hit)
[12a][RGB] Red = 1
[12a][RGB] 红色 = 1
[12b][RGB] Red = 8
[12b][RGB] 红色 = 8
[13] Bags: Slots Maxed (10-15)
[13] Cannon - Infinite Health
[13] Press L3 To Zoom In/Out (12 Steps)
[13] SAVES To Zero (When Saving)
[13][1] Torchlight OFF
[13][Status_Effect] No Frostbite
[13][Weapon] Infinite Bullets
[13][Weapon] Infinite Grenades
[13][Weapon] Straight Shot With Little Tautness
[13a][RGB] Green = 1
[13a][RGB] 绿色 = 1
[13b][RGB] Green = 8
[13b][RGB] 绿色 = 8
[14] 666666 Points (Read Once)
[14] Bags: Infinite Items
[14] Cannon - Inmediate Reload
[14] Game Speed x2 (ON/OFF + Up Arrow Menu)
[14] 火箭发射器（Saddler One）若与[13]一同选择，则可存放
[14][1] Cannon Instantly Ready
[14][Status_Effect] No Instant Death
[14][Weapon] Infinite Blood Punch
[14][Weapon] Luis Has A Rocket Launcher
[14][Weapon] Reload Speed: Instant
[14a][RGB] Blue = 1
[14a][RGB] 蓝色 = 1
[14b][RGB] Blue = 8
[14b][RGB] 蓝色 = 8
[15] Flashlight Batteries Full
[15] No HUD
[15] Target Locator - Instant Reload
[15][1] Chris's Target Locator Instant Fire/ReLoad
[15][Item] Ability Points: Infinite
[15][Status_Effect] No Madness
[15][Weapon] Cannon: No Reload
[15][Weapon] Charged: Grenades
[15a] Game Mode When Saved: Assisted
[16] Infinite PB (+666.666)
[16] Results - Clear Time = 00-00-00
[16] Target Locator - Instant Fire
[16][123] Infinite Leis
[16][Item] Maxed - Get And/Or Spend 1 (Have 2 At Least)
[16][Status_Effect] No Sleep
[16][Weapon] Anti-Aircraft Gun: Infinite Ammo
[16][Weapon] Charged: Flame Belch
[17] Infinite Completion Points
[17] Results - Times Saved = 0
[17] S Rank: Accuracy = 100.0
[17][Item] 666 (You need one)
[17][Weapon] Ashley: Eternal Frozen Knights
[17][Weapon] Charged: Crucible
[17a][2] Rose's Speed x2
[17a][Speed] Player x1
[17b][2] Rose's Speed x4
[17b][Speed] Player x1,9
[17c][Speed] Player x2
[17d][Speed] Player x3
[17e][Speed] Player x4
[18] Results - Deaths = 0
[18] S Rank: Retries = 0
[18][2] Rose's Focus Full
[18][Item] Create Max Number Of Objects (Create 1)
[18][Weapon] Able To Store Rocket Launcher (Special)
[18][Weapon] Charged: Sentinel Hammer
[18a] Torchlight Intensity x1
[18a][Size] Body x0,5
[18b] Torchlight Intensity x4
[18b][Size] Body x1
[18c] Torchlight Intensity x8
[18c][Size] Body x2
[18d][Size] Body x4
[19] Results - Rank = S
[19] S Rank: Clear Time  = 00:00 00
[19][3] Timer Stopped
[19][Item] Infinite When Use/Drop/Discard
[19][Weapon] Charged: Ballista
[19][武器] 火箭发射器（Saddler One）可收纳
[19a] [Game Mode] Darker
[19a][Daytime] 00:00
[19a][Weapon] Scope: Extra Zoom 2
[19b] [Game Mode] Ultrashine
[19b][Daytime] 06:00
[19c][Daytime] 12:00
[19d][Daytime] 18:00
[20] Timer Frozen (06:06:06)
[20][3] Combo Number Frozen
[20][Item] Infinite Keys
[20][Weapon] High-power Scope: Extra Zoom 3
[20a] Size x1.0
[20a][FX_Light] Sun/Moon Intensity x0
[20a][FX_Light] 阳光/月光强度 x0
[20a][Speed] Player+Horse x1
[20b][FX_Light] Sun/Moon Intensity x1
[20b][FX_Light] 阳光/月光强度 x1
[20b][Speed] Player+Horse x2
[20c][FX_Light] Sun/Moon Intensity x10
[20c][FX_Light] 阳光/月光强度 x10
[20c][Speed] Player+Horse x3
[20d][FX_Light] Sun/Moon Intensity x20
[20d][FX_Light] 阳光/月光强度 x20
[20d][Speed] Player+Horse x4
[20e][FX_Light] Sun/Moon Intensity x50
[20e][FX_Light] 阳光/月光强度 x50
[20e][Speed] Player+Horse x16
[21] Barry: Valves Open Easily (One Turn)
[21] 永恒骑士 冰冻 (L2) [Ashley]
[21][3] Ethan's Speed x4
[21][Item] Charged: Radiation Suit
[21][Weapon] Biosensor Scope: Extra Zoom 2
[21a][FX_Sound] Volume 100/
[21a][FX_Sound] 音量 100/
[21a][Speed] Enemy x1
[21b][FX_Sound] Volume 150/
[21b][FX_Sound] 音量 150/
[21b][Speed] Enemy x0,5
[21c][FX_Sound] Volume 200/
[21c][FX_Sound] 音量 200/
[21c][Speed] Enemy x0,25
[21d][FX_Sound] Volume 400/
[21d][FX_Sound] 音量 400/
[22] Toxic Gas Has No Effect (Barry/Natalia -Lift)
[22][3] Chris's Speed x4
[22][Fly] L2 = Fall Down Slowly
[22][Item] Charged: Diving Suit
[22][Item] Infinite Pesetas
[23] The Struggle: Infinite Ratios
[23][3] Chris's Fist Bar Instant Reload
[23][Fly] L2+R3 = Go UP When In Air
[23][Item] Infinite Spinels
[23a][NME] Speed x0.25
[23b][NME] Speed x0.5
[23c][NME] Speed x1
[23d][NME] Speed x2
[24] Raid Mode: Players' Level 100
[24] Raid Mode: Players` Level 100
[24][3] Karl's Speed x4
[24][Item] Infinite Keys/Tokens/Treasures
[24][NME] Enemy Doesn`t Attack
[24][Special] L1+L2 = Astral Projection
[25] Raid Mode: All Weapons Upgrades Unlocked +Infinite
[25][3] Karl's Hammer Power = 30k
[25][Item] Infinite Completion Points (CP)
[25][Special] L2+L3 = Kill All Enemies Around
[26] Raid Mode: Weapons Level 100 (Go Once To Customize)
[26][3] Karl's Hammer Electric Charge = 30k
[26][Enemy] Bear Traps Don`t Work
[26][Equipment] Nacked Player
[27] Raid Mode: Firepower Hyper Beyond Limits (Go Once To Customize)
[27][3] Karl's Sawblade Instant Reload
[27][Total Play Time] Set To Zero
[27a][Status] Edit: Level
[27b][Status] Edit: Runes Held
[27c][Status] Edit: Vigor
[27d][Status] Edit: Mind
[27e][Status] Edit: Endurance
[27f][Status] Edit: Strength
[27g][Status] Edit: Dexterity
[27h][Status] Edit: Intelligence
[27i][Status] Edit: Faith
[27j][Status] Edit: Arcane
[28] Raid Mode: All Skills Unlocked +Maxed
[28][3] Karl's Sawblade Power = 30k
[28][In-Game] Timer Stopped
[28a][Beacon1] Maps: Limgrave, West
[28a][Beacon1] 地图：林格雷夫，西部
[28b][Beacon1] Maps: Limgrave, East
[28b][Beacon1] 地图：利姆格雷夫，东部
[28c][Beacon1] Maps: Weeping Peninsula (Limgrave)
[28c][Beacon1] 地图：哭泣半岛（利姆格雷夫）
[28d][Beacon1] Maps: Caelid
[28d][Beacon1] 地图：凯利德
[28e][Beacon1] Maps: Dragonbarrow
[28f][Beacon1] Maps: Liurnia, East
[28f][Beacon1] 地图：利乌尔尼亚，东部
[28g][Beacon1] Maps: Liurnia, North
[28g][Beacon1] 地图：利乌尔尼亚，北部
[28h][Beacon1] Maps: Liurnia,West
[28h][Beacon1] 地图：利乌尔尼亚，西部
[28i][Beacon1] Maps: Altus Plateau
[28i][Beacon1] 地图：阿尔图斯高原
[28j][Beacon1] Maps: Leyndell, Royal Capital
[28j][Beacon1] 地图：莱恩德尔，皇都
[28k][Beacon1] Maps: Mt. Gelmir
[28k][Beacon1] 地图：格尔米尔山
[28l][Beacon1] Maps: Consecrated Snowfield
[28l][Beacon1] 地图：圣洁雪原
[28m][Beacon1] Maps: Mountaintops of the Giants, East
[28m][Beacon1] 地图：《巨人之巅》，东部
[28n][Beacon1] Maps: Mountaintops of the Giants, West
[28n][Beacon1] 地图：巨人之巅，西部
[28o][Beacon1] Entrance: Siofra River
[28o][Beacon1] 入口：Siofra 河流
[28p][Beacon1] Maps: Siofra River (Underground)
[28p][Beacon1] 地图：西奥弗拉河（地下）
[28q][Beacon1] Entrance: Deeproot Depths (Underground)
[28q][Beacon1] 入口：深根深处（地下）
[28r][Beacon1] Maps: Deeproot Depths (Underground)
[28r][Beacon1] 地图：深根深渊（地下）
[28s][Beacon1] Entrance: Ainsel River Well
[28t][Beacon1] Maps: Ainsel River (Underground)
[28t][Beacon1] 地图：安塞尔 河流（地下）
[28u][Beacon1] Entrance1: Lake Of Rot (Underground)
[28u][Beacon1] 入口1：腐烂之湖（地下）
[28v][Beacon1] Entrance2: Lake Of Rot (Underground)
[28v][Beacon1] 入口2：腐烂之湖（地下）
[28w][Beacon1] Maps: Lake Of Rot (Underground)
[28w][Beacon1] 地图：腐烂之湖（地下）
[28x][Beacon1] Entrance: Crumbling Farum Azula
[28x][Beacon1] 入口：摇摇欲坠的法鲁姆·阿祖拉
[29] Raid Mode: Timer = 0
[29][3] Karl's Scrap Instant Reload
[29][EndOfChapter] Play Time = 0
[30] Raid Mode: Infinite Gold
[30][3] Karl's Scrap Power = 30k
[30][EndOfChapter] Enemies Killed = 666
[31] Raid Mode: Infinite Skill Points (SP)
[31][3] Karl's Scrap 6 Projectiles
[31][Ashley] 永恒骑士 冰冻 (L2) [Ashley]
[31][EndOfChapter] Deaths = 0
[32] Raid Mode: Infinite Bottles/Bombs
[32][3] Karl's Soldier Jet Instant Reload
[32][EndOfChapter] Times Damaged = 0
[33] Raid Mode: No Reload For Bewilder, Stealth, Armour, Rocket Skills
[33][3] Alcina's Speed x4
[33][EndOfChapter] Accuracy = 100/
[34] Raid Mode: Infinite Stealth + Armor
[34][3] Alcina's Damage Bar Instant Reload
[34][Interaction] `Hold X` Doors Open Instantly
[35][3] Alcina's Insect Swarm (R2) Instant Reload
[35][Interaction] `Hold X` Doors Stay Open
[35a] Raid Mode: Weapons Tags [Short Range]
[35b] Raid Mode: Weapons Tags [Long Range]
[35c] Raid Mode: Weapons Tags [Speed Shot]
[35d] Raid Mode: Weapons Tags [Steady Shot]
[35e] Raid Mode: Weapons Tags [Speed Load]
[35f] Raid Mode: Weapons Tags [Sonic Assist]
[35g] Raid Mode: Weapons Tags [Sonic Assist+]
[35h] Raid Mode: Weapons Tags [Short Range+]
[35i] Raid Mode: Weapons Tags [Long Range+]
[35j] Raid Mode: Weapons Tags [Unique Weapon Name]
[36] Frozen NMEs
[36][3] Alcina's Ornate Vanity (Square) Instant Reload
[36][Interaction] Power Puzzles Solved
[37] NME Don`t Walk/Run (Pedro and Barry Assault = Cheat 04 Needed)
[37] No Shadow/Light Effects
[37][3] Alcina's Daughter (L2+R1) Instant Reload
[37][Vehicle] Boat: Infinite Durability
[38][3] Alcina's Insects Swarm Power = 30k
[38][Vehicle] Wagon: Infinite Durability
[38a] Player`s Size x2 (Unplayable)
[39][3] Alcina's Hand Power = 30k
[39][Vehicle] Crane: Infinite Durability
[3D BRAWLER] Instant Full Limit
[3D BRAWLER] Max ATB Gauge
[40][3] Alcina's Ornate Vanity Power = 30k
[40][Vehicle] Water Scooter: Infinite Durability
[41][SaveGame] Times Saved = 0
[42a][SaveGame] Difficuty = Assisted
[43][TargetPractice] Timer Frozen
[43a] 大多数 NME 的速度为 x0.2
[43b] 大多数 NME 的速度 x0.5
[43c] 大多数 NME 的速度 x1
[44][TargetPractice] All Pirates Killed
[45][TargetPractice] All Skulls Killed
[45a] NME的尺寸×0.5
[45b] NME 规格 x1
[45c] NME的尺寸 x2
[46][TargetPractice] +Points
[47][Total Results] Rank S+ / Time = 00:00:00
[48][Total Results] Saves = 0
[49][Mercs] Timer Frozen
[50][Mercs] Combo Timer Frozen
[51][Mercs] Combo Starts At 666
[52][Mercs] Mayhem Instant Loading
[53][Mercs] Mayhem Yellow Bar Frozen
[54][Mercs] Just 1 Kill = S++ (If [49] ON)
[55][Separate Ways] Hold X Doors Open Instantly
[56][Separate Ways] Hold X Doors Stay Open
[56][分道扬镳] 领地 艾克斯 Doors Stay Open
[57a][Speed] Most Enemies x0,2
[58][NME] Ganados 招式 Less - 作弊 [59] 必须关闭
[58a][Size] Player x0,5
[59a][Size] NME x0,5
[59a][Size] NME ×0.5
[59b][尺寸] NME x1
[59c][尺寸] NME x2
[59d][尺寸] NME x4
[60][Interaction] DANGEROUS 01
[60a][NME] 尺寸 × 0.5
[60b][NME] 尺寸 x1
[60c][NME] 尺寸 x2
[61][Interaction] DANGEROUS 02
[DEU] Master Code
[Desert Rush] 1 Million Points
[ENG] Master Code
[ESP] Master Code
[FRA] Master Code
[GALACTIC SAVIORS] 1 Million Points
[GALACTIC SAVIORS] Infinite Proton Bomb
[GALACTIC SAVIORS] Infinite Ship Health
[Glide De Chocobo] 1 Million Points
[Health] Immunity
[ITA] Master Code
[Item] Infinite Credits
[ME-1] Inf Grenades
[ME-1] Inf Max Medi-Gel (on get, use)
[ME-1] Inf Max Money (on get)
[ME-1] Inf Max Omni-Gel (On get, use)
[ME-1] Inf Max Talent Points
[ME-1] Infinite Max Mako Shield
[ME-1] Infinite Stamina
[ME-1] Infinite 麦克斯 Medi-Gel（获取后即可使用）
[ME-1] Infinite 麦克斯 Omni-Gel（收到后使用）
[ME-1] Instant Max XP (OTU)
[ME-1] No Weapon Cooldown
[ME-1] Reverse Missions Timer
[ME-1] Shield Master Code (Must be enabled ALL THE TIME after launching ME-1)
[ME-2] Inf Talent Points
[ME-2] Infinite Max Ammo
[ME-2] Infinite Resources
[ME-2] Infinite Stamina
[ME-2] Max Paragon and Renegade level (OTU)
[ME-2] Powers - No Cooldown
[ME-2] Super Accuracy
[ME-2]Reverse Digital Timer
[ME-3] Infinite Ammo
[ME-3] Infinite Shield
[ME-3] Infinite Talent Points
[Nero] Max Fuel v1 (by DreamRunner)
[Nero] Max Fuel v2 (by DreamRunner)
[ONLY DLC] Puzzle: Solved
[ONLY DLC] Puzzle: Timer Stopped
[Size] Ammo Counter x1
[Size] Ammo Counter x2
[Size] Ammo Counter x4
[Size] Ammo Counter x8
[Size] Player x0,5
[Size] Player x1
[Size] Player x2
[Speed] Game x0,5
[Speed] Game x1
[Speed] Game x2
[Speed] Game x4
[Speed] NME x0,25
[Speed] NME x0,5
[Speed] NME x1
[Speed] NME x2
[Speed] Player x0,5
[Speed] Player x1
[Speed] Player x2
[Speed] Player x3
[Speed] Player x4
[Teleport] To Base (L1+L2+R1+R2)
[Teleport] To map waypoint
[Weapon] 1 Hit Kill
[Weapon] Infinite Ammo
[Weapon] Infinite GRP
[Weapon] Instant Reload Speed
[Weapon] Straight Shot With Little Tautness
[iNFO] If cheat [07] ON, Carlos has to take the key on the 3rd floor of the Police Station before setting the C4 Detonator. [10] and [11] use them and better turn them off if you don`t want to mess with items and weapons.
[仅限DLC] 谜题：已解开
[武器] 无限GRP
[第28张][Beacon1] 地图：Dragonbarrow
[速度] NME x0.25
[速度] NME x0.5
[] No Fog
[] XYZ 方向速度
ac3_engine_orbis_fn.elf
add 30 pelts(enable after skinning pelt disable after putting on horse!)
add Items
add point after used
after school (MC / daytime)
agent level 1000 / get 1000 token (complete a single bounty)
all accessories
all armors
all consumable misc event items
all footwear
all item money 99999
all outfit
all skill items
all weapons
ap max after used
backport 9 to 505 only
bandage  inf
bh0hd.elf
bh1hd.elf
big2-ps4_Shipping.elf
big3-ps4_Shipping.elf
blue bird head money inf
bounty tokens never decrease (bounty vendor)
bullet inf
bullet 无限
bytes never decrease
coal never decrease
credits 99
crystals Never Decrease
date (master code)
daytime (master code)
decrease 1 day (MC / date)
decrease item id (MC id)
decrease persona id (MC / id)
default_mp.elf
dmc1.elf
dmc2.elf
dmc3.elf
early morning (MC / daytime)
eboot.bin
ego combat support
enemy you can not reach
evening (MC / daytime)
fast shooting (no bullet loading , skips the animation of loading bullets)
ffx_phyreApp.elf
fly to sky (wall pass)
food never decrease
freez source credit
freez 来源说明
freeze Stamina/Breath
freeze abilities points
freeze all(ammo,throwables,money,items,trapper and pearson stock)disable during unique mission items like bounty posters...
freeze stamina
freeze time
frend no go
frezz enemy
friand never go
friand 永远不会去
frind infinte hp
full durability
gain(onBuying)
game.elf
god mode
god mode(not close)
god-mode
gold bird head money inf
grand inf
green bird head money inf
gz.elf
hackGU_vol1.elf
hackGU_vol2.elf
handgun SIGPRO
happy population ( effect production rate positively)
harry1.elf
harry2.elf
health test
hero level S
ifi soul
inc glory
inc glory简体中文（大陆）
inc itme
increase 1 day (MC / date)
increase item id (MC id)
increase persona id (MC / id)
inf HP
inf Infinite Yokai Shift Duration
inf Stamina
inf UV Flashlight
inf ammo
inf ammo pwoer
inf ammo v4
inf aqua cola
inf carrying weight (press L1 to update your weight)
inf cash usage
inf climing
inf contol core
inf crafting
inf devil trager
inf drinking water
inf durability for all items and weapons
inf energe bullets
inf energy
inf exceed
inf finesh
inf fired up
inf fuel
inf gaurde
inf gems when combining
inf gems when remving
inf guardian spirit
inf health
inf hp 1HK
inf immunity
inf items
inf jetpack fuel
inf key usage (trainning area and looked drawers) disable after using
inf ki
inf lantern fuel
inf lock picks
inf medals/items
inf money doesnt add any just freezes your current amount
inf money on spend
inf mp
inf overdrive
inf pistol ammo might work for all guns
inf red orbe
inf reload
inf small building resources and resource stands and charcoal (build long sticks stands first)
inf soil canister
inf special attack
inf spinel when trading
inf stamina
inf stockpiles (disable to be able to remove one)
inf undead energy drink
infAmmo(noReload)
infBonusPoints(onPlaying)
infHealth
infHealth(Ashley)
infHealth(Leon/Ada)
infHealth(Vehicle)+OneHitKill
infHealth（Ashley）
infHealth（里昂/艾达）
infMoney(onSell)
infTime(Everywhere)
infTime（各地）
infi Throwables
infi ammo
infinit Gold
infinit Ki
infinite  wrath
infinite Burst
infinite Focus
infinite Gem and Mirian
infinite Haze
infinite Health
infinite Job 得分（使用时）
infinite Ryo on Gain
infinite SP
infinite ammo (in game cheat)
infinite ammo ,throwables ,arrows ,no reload ,weapons stay clean
infinite ammo item usage &amp; crafting
infinite battery storage capacity(build or destroy a battery)(need save reloading to be disabled)
infinite dead eye
infinite energy production (need save reloading to be disabled)
infinite fire fuel
infinite health
infinite hleath
infinite itmes
infinite ki
infinite lives
infinite materials
infinite might
infinite oxygen
infinite rage
infinite stamina (horse/player)
infinite stored energy
infinite stored tower water (use with caution)
infinite stored water
infinite torch fuel
infinite travel distance on the map
infinite water production (build or destroy a water source)(need save reloading to be disabled)
infinite water storage capacity(build or destroy a water storage)(need save reloading to be disabled)
infinite water tower storage capacity(build or destroy a tower)(need save reloading to be disabled)(use with caution)
infinite_Ammo
infinite_Drink
infinity Arm
infinity Red Orb
infinity red
infinte ammo
inif items
invinsible
invinsible made by (ponymuch)
invinsible 由 (ponymuch) 制作
invisible to all things (MC)
item  used get more
item 99
item buy get max
item max when move from box to pouch
item max when move from pouch to box
items Incressed
items incress when get
itme
kh02.elf
kh3d.elf
ki recoerty speed
kingdom1.elf
kingdom2.elf
level 99 after kill one
matrials change when move it in sell box
matrials increaseing on crafting
max Faith after used
max Life Force after used
max ORBs
max Score
max Score (while training)
max Strength after used
max all zorbs
max ammo
max amrita
max combo
max exceed
max exp persona and party
max exp player only
max inf items
max inf skills charge
max level
max level(god mode)when u get xp
max luck after used
max lv99
max mark skill
max money
max money on use
max mp after used magical skill
max screw on pick
max sniper coldown
max social links
max social stats
max+Infinite-money
max+money-Infinite
max-Health+max-GOLD+max-XP
max-ammo
max-cadeaux
max-gold + Infinite
max-gold-(mc)
max-lives + Infinite-(MC)
max-money
max-money-(mc)
maxgaurde
maxi
money max
money max after used
multiplier x100
multiplier x1000
multiplier x50
must 回合 在 MC 弓手类型 ID 修改器上
never gets tired
never wanted and zero bounty
no Reload
no build cost
no cooldwn
no height
no reload
no reload 1 add ammo
no reload 2 freeze ammo (reload shotgun before enabling)
no tech upgrade cost
null
one hit kill
one punch dead
one-Hit-Kill
one-Hit-Kill-YOU
one-Hit-Kill-us-inf-hp
oneHitKill
or DLCs: Most NMEs Don't Move (Green Dog Yes)
persona id (master code)
player lvl 250 (after 2 battles) = one hit kills = boring and permenent
printing material never disappears
reload inf
rocket-Launeher
run with  (max cargo)
save counter always 1
sell 999 items (on the store if items cheat bugged out)
set 99999 res (tools)
set 99999 resources (craft)
set all resources to 200 OR
set all resources to 9999
set trust to 1000 (gain any)
shared health!!!
skill inf
skill level max
skill points x2
sp max after used
sp22-cod.elf
sp23-cod.elf
special coin x99999 in battle
speed run x3
strength inf
sup
sv 地图名 wz 开放式摩天大楼
theHunter：荒野的召唤
time freeze
travesal challenge time set to 20 sec
weapon Gems x2
weapons always clean
weight never Inc
wonder boy in monster land Infinite Fire ball
wonder boy in monster land Infinite Health
wonder boy in monster land Infinite Thunder
wonder boy in monster land Infinite Turnado
wonder boy in monster land Infinite bomb
x10 Boxes When Get
x10 Wumpa When Get
x10.000 Clan Points Per Kill
x100
x2 AP on Spend
x2 Agyo/Ungyo Prestige Points
x2 Amrita on Use
x2 Discipline on Spend
x2 Glory on Trade
x2 Gold on Spend
x2 Item Each use (Use and deactivate)
x2 Items on Use
x2 Materials on Buy
x2 Materials on Use
x2 Money on Spend
x2 Money/Items on Spend/Drop
x2 Ninja SP
x2 Onmyo Magic SP
x2 Perk Points on Spend
x2 Potions on Use
x2 RC on Spend
x2 SP on Spend
x2 Samurai SP
x2 Skill Points on Spend
x2 Special Items
x2 Speed (MC)
x200
x25.000 Clan Points Per Kill
x30 Matz
x4 XP
x5 Item Pouch
x5 Item in Pouch
x50
x5000 Clan Points Per Kill
x60 Items (on get turn off the cash cheat and have 2 items)
x99 Crafting Materials
x99 Gems
x99 Gold Tokens/ Silver Tokens
x99 Items
x999999 item each use and deactivate
yen
{DLC - Mercenaries Mode} Infinite Timer
{DLC - Seperate Ways} Anxiety Mode
{DLC - Seperate Ways} God Mode
{DLC - Seperate Ways} God Mode + OHK
{DLC - Seperate Ways} One Hit Kill
{DLC - The Mercenaries} All characters God Mode
{DLC - The Mercenaries} All characters God Mode + OHK
{DLC - The Mercenaries} All characters One Hit Kill
{DLC - The Mercenaries} End Mercenaries Mode
{MINI GAMES HELPER}
{Mercenaries} Infinite HP + OHK All Characters
{Mercenaries} Infinite HP All Characters
{Mercenaries} One Hit Kill All Characters
{Shadows of Rose} Infinite HP
{Shadows of Rose} Infinite HP + OHK
{Shadows of Rose} One Hit Kill
“Always”模拟日 第1天
“Blood Bar” 停止
“Crunch Off”大赛冠军
“Dev” 菜单 L3+左上或右触控板
“Electric 剑”的能量值永不减少
“Freeze”计时器——挑战你的实力
“Freeze”计时器——测试你的实力
“Have All Movement” 指令
“Have All Reprisal” 指令
“Midget II”赛事代码
“Munny” 并未减少在恐怖分子身上的开支
“Opp Bars”不自动补满（请配合“Infinite Bars”使用）
“Paw 巡逻”：势头正盛！
“RE”俱乐部代码
“Shop”后的“金币最大”和“Smith”后的“麦克斯物品”
“Stinger”
“ressources”字段 快速填写
“废料最大”在“Spend”（噩梦难度）中
“金钱至上”——在Toys Capsule的消费
《 Oblivion》
《All Time Stones》索尼克 CD
《Always》模拟日 第9999天
《Aragami 2》
《Ardyn》技术补丁DLC
《Astroneer》
《Axiom Verge 2》
《Back 4 Blood》
《Biomutant》
《Bloons TD 5》
《Boxer 精魄》兑换码
《Burnout Paradise 重制版》
《Car Grand Prix》代码调整
《Charged：Crucible》
《Crymachina》数字豪华版
《Cuphead》
《Daymare：1998》
《Days Gone》
《Dead Cells》
《DmC：鬼泣》：终极版
《DoDonPachi 大王城》
《Eiyuden Chronicle：百英雄》
《Ender Lilies：骑士的寂灭》
《Enemy Ultra 0》（MC）
《FANTASY 生活 i：偷走时间的女孩》
《Fast XP Combat And Parkour》得分
《Forspoken》
《Gain》中的47,000朵花
《Gekido：都市格斗家》
《GigaWing Generations》
《Gran Turismo 3》：A级专精
《Gran Turismo 4》
《Gran Turismo All Stars》兑换码
《Gravity 快攻 重制版》
《Greak：阿祖尔的回忆》
《GreedFall》
《Grid Legends》
《Gryphon 骑士》Epic：终极版
《Guacamelee! 2》
《Gungrave G.O.R.E》
《Gunvolt编年史：光之复仇者 iX》
《Have All Gummi》~前往Gummi车库~
《High Beam Shooter Always》麦克斯
《Hyper Run》
《Hyper Run》（启用MC）
《Infinite Atribute》得分
《Infinite Bike》氮气
《Infinite Bike》耐用性（在追击自行车任务中禁用）
《Infinite Bonus》得分
《Infinite Buggy》装备使用指南（DLC）
《Infinite Car》生命
《Infinite Chicago》打字机（将手枪放在正中央）
《Infinite DCP》得分
《Infinite Engram》的得分与消费相关
《Infinite Feat》得分
《Infinite Glad/金钱》（已上架）
《Infinite Glowing 动物帮》一经亮相
《Infinite Hit》得分
《Infinite Hunt》得分（消费后）
《Infinite Hype》得分（获得“Hype”得分以触发效果）
《Infinite Kill》比分
《Infinite License》得分
《Infinite Myth》得分 仅可使用一次 麦克斯 XP 作弊码
《Infinite Praetor》得分（需购买一次）
《Infinite Praetor》的计分机制
《Infinite Red》结界突破 触发时
《Infinite Reroll》得分
《Infinite Shoot》射程金币（消费时）
《Infinite Shop》得分
《Infinite Skill》得分
《Infinite Skill》得分/现金
《Infinite Skill》得分（冒险模式）
《Infinite Skill》得分（确认时）
《Infinite Supermeter Player 2》[ MC ]
《Infinite Supermeter》玩家1 [ MC ]
《Infinite UPGRADE》得分
《Infinite VR Skill》得分
《Infinite 女巫》时间永不停息
《Infinite 审判 Time》
《Infinite 审判 Time》作者：hejran 7
《Infinite 家》的传承
《Infinite 暗影 Walk》
《Infinite 耐力》（奔跑）
《Infinite 陷阱》
《Infinite》EP
《Infinite》EP（教程环节已关闭）
《Infinite》中的精华槽（获取/使用）
《Infinite》扎营资源
《Infinity Project》得分
《Infinity 地牢》：无需钥匙
《Infinity 地牢》：跳转至第 1000 层
《Infite Enemy》在Develop Accelerators上的游戏秘籍
《Jets'n'Guns 2》
《Jump without Drifters》斗篷
《Killing Floor 3》
《Kong：求生者 Instinct》
《Left Alive》
《Little Big》冒险模式——《Twinsen’s Quest》
《Lost Soul Aside™》
《MLB The Show 18》
《Make All Shots》领地 R2
《MediEvil》
《Metro Redux》
《Mount & 异刃：战团》
《NBA 2K Playgrounds 2》
《NBA Live 18》
《NHL冰球21》
《No Sanity》
《Onechanbara Z2：混沌》
《Outlast》
《Outlast》2
《Outlast》三部曲：《Outlast》与《Outlast：告密者》
《Payday 2：犯罪浪潮版》
《Peggle 2》
《Project Cars 3》
《Psyvariar：完全版》
《Quick Hacker》“获得后”阶级
《Quick Hacker》阶级“获得后”
《Risen 3：泰坦领主》——增强版
《Seven：增强版》
《Soldner-艾克斯 2：最终原型 终极版》
《Stellaris》5.05 回溯移植版 游戏版本 01.52
《Stellaris》游戏版本 04.02
《Stellaris：主机版》
《Sundered》
《Superbeat: Xonic》
《The Order: 1886》
《The Surge》
《The Swapper》
《The TakeOver》
《TimeSplitters》
《Tiny 蒂娜的奇幻乐园》
《Trials》崛起
《Trine 4：噩梦》 王子级
《Trine 5：发条阴谋》
《Trine：奇幻版》
《Tropico 6》
《Two Dark》
《Two Point Hospital》
《Ufouria：沙加2》
《Ultima》的前沿
《Undertale》
《Unleash》中无限灵魂石
《Urban 混沌：骚乱应对》
《Vanquish》
《WRC 10：官方游戏》
《WRC Generations》
《Zen Pinball 2》
《inFamous：Second Son》
《inFamous：曙光》
《以撒的结合：Afterbirth+》
《伊苏IX：Monstrum Nox》
《伊苏VIII：达娜的泪》
《光·遇》特效（Sonar 期间出现的奇怪画面）
《古惑狼：N. Sane 三部曲》
《吃豆人世界：Re-Pac》
《城市：天际线》PlayStation 4 版
《大富翁Plus》
《奥丁 Sphere：莱夫特拉西尔》
《无尽之血》Echoes On 消费
《无限跳跃》ON
《无限魔法忍者III》
《杀手》：Absolution HD
《死或生 Xtreme 3：Fortune》
《玫瑰阴影》DLC 作弊码
《真人快打 XL》
《秋叶原之旅：亡灵 & Undressed》
《莎木III》
《莎木》I & II
《闪乱神乐 Burst Re:Newal》
《隐喻：ReFantazio》
《雷神之锤II》
《雷霆：原力VI》
《黑暗之魂 III：The Fire Fades 版》
一个C
一击必杀的BOSS
一击必杀（请勿对BOSS使用）
一击必杀（请勿对BOSS和物品使用）
一击毙命（需MC）
七A班
不允许重试（MC）
不可见（进入房间前请关闭“Run Disable”/“回合”功能）
不扣除资源（XP、HS）
不死：UNCHAINED
不要因支出而损失MRP
与（麦克斯 cargo）一起奔跑
东京Xanadu eX+
九A
仅适用于 DUPLEX PRELUDE 转储文件
仅需1个Ufo即可收集《索尼克》CD（特别关卡）
从Grab自动退出
从Magnum开始（第1个插槽）
企业 | Hella 得分
传送到Boss处
低温（DShK 12.7毫米机枪）
你可以在游戏中的任何时候激活它（Puedes activarlo en cualquier momento del juego）
使用 Superbeat 自动播放
使用时不会扣除XP、HS和资源
修改物品 ID
停止 Time 注射器
停止《Time In The Bloody》殿堂
储存的燃料 9999（Steamworks）
全部Boss变弱
八B班
八卦Max100
关于“consume”
关闭BOSS无敌阶段
关闭Boss攻击
关闭敌人AI
冻结 SaveCounter
冻结NPC
冻结资金（适用于Pay N 喷漆/Ammu-Nation）
冻结金钱（适用于 Pay N 喷漆/Ammu-Nation）
减少 ID（MC ID）
减少 妖魔 ID
减少 物品 ID
减少 物品 ID（MC ID）
减少原型 ID
出自《Ainsel》——河流，地下。
出自《Siofra》：河流，地下。
刀剑神域：Alicization Lycoris
别再浪费时间去使用Rots了
别再浪费时间，赶紧用Mastiff吧
前往 D
包含DLC内容
卡拉OK
即时 QuickTime 事件
即时Supremo充值
即死咒文-a-Box | 第三名 奖励
即死咒文-a-Box | 第二名 奖励
友方NPC一击必杀
友方NPC无敌
双人合唱《Every Time U Spend》金钱
反科幻 但是 (Main Wep Gaia)
发布补丁 12（关于 trace 函数）
可招募任意NPC
吉夫 CRBR-S
吉夫 RAI K-84
向上 V槽 0 (MC)
启动外部任务后，返回idroid菜单以触发该任务
启动核计划后，返回idroid菜单以触发该功能
启用FPS视图 - 领地 L3
商店中的 Freez 商品
土 防御 原力：《World Brothers 2》
在 Javamatic 任务中将其禁用，直到修复 mix.r 为止。
在 get 操作中增加资源
在Shiping Bin上出售任何东西，赚得盆满钵满
在rot shop购物时，当不需要时可禁用水晶数量增加功能
在升级 Slot1 后将物品最大化
在升级 Slot2 后将 物品 最大化
在升级Slot3后，将物品最大化
在启用此作弊码之前，请先禁用“Disable Pal 钥匙 Red”
在战斗中击杀敌人时获得的TacP值
增加 ID（MC ID）
增加 妖魔 ID
增加 物品 ID
增加 物品 ID（MC ID）
增加DMG +100
增加原型 ID
增益下的无限Ryo
大师 [ESP]
太空冒险模式《Cobra：觉醒》
奇观《Boy Returns》混音版
奖励x2
奖励x5
如果每个作弊码下有相关说明，请务必阅读。对于我最先进的《诸神黄昏》作弊程序，我建议配合使用我的 ShnExt 作弊程序和 MultiTrainer2。祝玩得开心！:-)
如需获取完整的训练指南，请访问我们的 Discord 服务器（Team 死神）。邀请链接：https://discord.gg/yrxdxSPZmH
妖兽 能量 Supercross 5：官方电子游戏
妖精 Fencer F：Advent Dark 原力
完成100章即可解锁Sai Fung
宝可梦HOME
实时聊天：Infinite 得分
对BOSS禁用
将Platin设置为99
将TP/ZP设置为9,999,999
将“Main-Swap HandGun Ammo On”存储到：
将“Saphir”设置为99
将“Talent 得分”设为 0 [ MC ]
将武器切换为 黑色 Pumgun [ MC - 插槽 3 ]
已拥有所有Gummi部件/蓝图~选择Gummi编辑器~
席德·梅尔的《文明 VII》
弥合差距 Infinite 计时器
必须先在MC Daytime上发布
快速 DigiConvert
快速获取 Chainlink
快速获取XP
忽略“Perkpoints”
感谢 Jesca Talixme 修正并添加了一些代码。
感谢 fullcodes 最先发现 Rizla 将此移植到了 1.09 版本。
或者DLC：大多数NME不会使用“恐怖分子”招式（Green Dog除外）
战国BASARA 4：苏梅拉吉
所有IA许可证
所有《Client Infinite》得分
所有客户端 ESP
手机/One Hit 所需
手枪 - Broom Hc
手枪 - JMB Hp3
手枪 - MUP
手枪 - Quickdraw 军队 Rev
手枪 - SLS 60
执行“Have All Shotlock”指令
抽牌x2
拆除《All Humans! 2》——Reprobed版
拥有 Real Mega 爆能枪 ~交换道具~
拥有所有IB牌照
播放《A Lv Than Lums》——《意志》双版
故事（MC）
敌方AI变弱
无BB压力表排水口
无MP消耗
无尽的K.O.
无敌 OFF（仅在关闭“无敌 ON”后使用）
无限 I
无限-金币-coin
无限CP
无限DIGS
无限EX槽
无限EX武器栏
无限HoloBob持续时间
无限LUMS
无限MP
无限OP
无限OP（弹药）
无限PA球
无限PSI
无限PTAS
无限Ptas（在获取时）
无限RP
无限SBA
无限TP
无限V币
无限WESN
无限“Magatsuhi”技能
无限《Tales》金币（获取/消费）
无限压力（Tikhar/火焰喷射器）
无限坚果+无限HS+无限金币-(MC)
无限异刃“Shapeness”（使用时）
无限恶魔触发（DMC1）
无限炸弹-Gunbird-特别版=1
无限生命-Gunbird 特别版=2
无限生命-Gunbird-特别版=1
无限生命/狂热/胆汁药剂（MASTER 密码/必须开启）
无限生命（开发中/实验版）（仅适用于 PS4 Trainer/G.C.M.）
无限的 StackItems
无限组件 (nop)
无限血量 《Order of Ecclesia》
无限跳跃 OFF
无限跳跃（需要Delta V Jump-靴子）
无需MP重新加载
无需换弹 / Enemies Don   Shoot
显示NPC标记
晚间（MC 白天）
暂停“PlayTime”
暂停《The Game》
更快的 XP
机械收藏版“Infinite”计时器
机械生命体“Crazy-Horse”枪
材料最大 _ Xenosample 支出情况
条目增加 关于“consume”
来自Relaod
杰洛 Supermeter 玩家1 [ MC ]
构建 Integrity（启用 GS）
模拟 Oracle +999（GameMax）
武士 Edge（激活/进入/停用）
每次击杀可获得20k XP
水晶最大（在Act状态下）
永不装弹-霰弹枪-ALL
法力 OHK（在教程中有效）
洛克人X
消费即可获得 麦克斯 Baller 币
添加 MP
清晨（MC 白天）
游戏《速度》Mastercode [ 必须启用Mastercode才能使用MC作弊码 ]
灵体 Solid（Sub Wep Gaia）
灵巧蚊（开启GS）
点火火花（Sub Wep Gaia）
物品 ID 存在一些 bug，可能会导致你的物品“破防”，建议你使用 Multitrainer 手动输入 ID，使用方法：将你的物品的招式拖放到背包的空位上
玩家编号：Dead
球员ID
生成BOSS敌人
益智游戏《Bobble 3D：度假奇遇记》
真·女神转生 III：夜曲：HD 重制版
硕士 [FRE]
神模式 + OHK（《Unmoored World》）
神模式（Unmoored World）
移除Dvar保护
空气中的弹簧 Infinite 计时器
红buff
英国GT系列赛规则
著名的AR
蓝buff
蠢AI
解锁 Chicken Little~移除护甲~
解锁 Genie~移除护甲~
解锁全部DLC内容
请与“MinHorsePanic”作弊码一起启用此功能
请勿与“Freeze PlayTime”作弊码同时使用！
请勿与“Null PlayTime”作弊码同时使用！
请勿在VALHALLA中使用
请在以下情况下禁用此选项：1）在与雷普蒂卡尔（Reptical）的BOSS战期间。2）直到布鲁图斯（Brutus）在“谋杀大会”（MurderCon）中出现之前。
读取《Zombies》第1步
读取《Zombies》第3步
读取《Zombies》第4步
读取《Zombies》第5步
调整UI缩放
调整大小 蕾吉娜 Anywhere（按 L1 缩小，按 R2 放大）
调整视场角FOV
跳过BOSS阶段动画
跳过Boss阶段
车手AI
车辆 不受伤害（但若被子弹击中仍会爆炸）（仅在 PS4 Trainer/G.C.M. 上有效）
输入 Multiplier（主密码）[请勿在 VALHALLA 中使用]
这些 MC 物品 ID
这些MC
这是由Dioniso、Fullcode、Rizla和我（Pharaoh2k）为这款精彩绝伦的游戏制作的精选中的精品作弊码。
该作弊程序兼容传中地区（CUSA24705、CUSA28561、CUSA28563、CUSA30023）。
我对其他人制作的部分作弊码进行了改进，但保留了原始的署名。此外，我还剔除了部分在我看来多余或不必要的作弊码。祝玩得愉快！ :-)
Pharaoh2k
速度x6
速度x7
速度x8
速度x9
道具无限（On Sell 这些 2+）
道馆 WIS 成绩 x4
重新加载《Infinite》
重要提示！请务必阅读作弊码的说明（如有）！已全面测试，但如有任何问题请告知我。 此版本兼容多区域CUSA（CUSA10211、CUSA10212、CUSA10213、CUSA10218、CUSA10234）。在PS5上也可能正常运行。尽情享受吧！:)
金币 Fr 挑战
金币 Mistral 78 儿童款
金币 Race Red 徽章
金币 S Mtn 拉力赛
金币S山地拉力赛II
金色黑桃A（这些MC和MC1）
金色黑桃A（需MC和MC1）
铃木K Car杯代码
隐藏HUD界面
零A
需要 MC CapKILL
额外任务 [Suply 团队副本任务]
额外资源补给 [Suply 团队副本任务]
食物无限（关于“consume”，请先装备它）
鬼泣：HD合集
麦克斯 Access 卡（关于增益——使用）
麦克斯 Arsenal 键（关于增益——使用方法）
麦克斯 Axions（关于增益——使用方法）
麦克斯 Blue Gems [ Tim Isle - 使用时 ] [ MC ]
麦克斯 Blue Orbs（商店 - 购买）
麦克斯 Boxes 何时获得
麦克斯 Crimson/Cobalt 眼泪在获得时
麦克斯 Infinite Perks 得分（仅在“技能”界面启用）
麦克斯 Infinite Perks 得分（仅在“特权”界面中启用）
麦克斯 Infinite 所有可用道具
麦克斯 Infinite 所有道具/资源
麦克斯 Macrons（商店 - 购买）
麦克斯 Medi Packs（按需使用）
麦克斯 Munny~买什么都行~
麦克斯 Purple Gems [ Tim Isle - 使用中 ] [ MC ]
麦克斯 Red Gems [ 蒂姆·艾尔 - 使用时 ] [ MC ]
麦克斯 Star Pieces（开启增益）
麦克斯 Technology 在“得分后花费”回合结束后，才搬运尸体
麦克斯 U Materials（按支出计算）
麦克斯 World Dollar 上涨后
麦克斯 在 2nd Gain 上的关注者
麦克斯 比分 Ardyn DLC 入手后
麦克斯 注入时的Axions
麦克斯 物品/金钱 获取时（Mastecode/必须开启）
麦克斯+ Infinite  使用时生效的道具
麦克斯/Infinite Gilt 买入
麦克斯/Infinite Shards 增益效果
麦克斯/《Infinite Callisto》演职员表
麦克斯/《Infinite Dynamites》/《Granades》
麦克斯/《Infinite》EP（首次购买后禁用）
麦克斯/激活后无限TPS
麦克斯·Zen《After Gained》
麦克斯·奎克斯利弗——《On Gain》
麦克斯·斯皮内尔（在“Spend”中有2个）
麦克斯《After All Waves》（噩梦版）总分
麦克斯《Yellow Gems》[ Tim Isle - 演出中 ] [ MC ]
麦克斯和“怒气无限”在“Get”或“Hit”时
黑色 Sight Aways 有货
龙珠：Xenoverse
龙珠：Xenoverse 2
